index,study_id,id,author,year,group,group_id,group_desc,url,country,region,city,time_MAX,time_50,time_MIN,detailed_time,exp_dur,fu_dur,age_base,age_SD,days_ps,days_cat,yrs_ps,stroke_type,nihss_base,mmse_base,mMmse_base,fim_base,brunstrom_base,frenchay_base,fac_base,barthel_base,mBarthel_base,motricity_base,BBS_base,BBT_base,gcs_base,MAS_base,sis_base,rivermead_base,ashworth_base,mAshworth_base,rankin_base,bdi_base,cesd_base,ops_base,terminal_dropout,outcome_name,outcome_extremity,ue_subscale,le_subscale,SCOAR_outcome,p_outcome_stated,itt_analysis,base_n,base_m,base_sd,difference_score,term_n,term_m,term_sd,diff_base,diff_term,fu_n,fu_m,fu_sd,est_corr,term_diff,term_s_diff,fu_diff,fu_s_diff,term_d,fu_d,j_corr_factor,term_g,fu_g,term_Vd,fu_Vd,term_Vg,fu_Vg,chck2,notes,therapy_bucket,norm_rescale_factor,norm_rescaled,transcription_corrected,row_score,fam_pref,sigma_F_imputed,term_g_used,term_g_derived,final_scale,unit_role,exclusion_reason,implied_dist_m,age_sd_imputed,dose_imputed,pooled_sd_metadata
3,2,ada2003,ada,2003,ctrl,3,low intensity home exercise,http://www.ncbi.nlm.nih.gov/pubmed/14586916,australia,new south wales,sydney,,14.5,,,28.0,49.0,66.0,11.0,780.0,>1year,2.136986301,0,,,,,,,,,,,,,,,,,,,,,,,0.0,10mwt SSV,le,,speed,lohse,0.0,0.0,14,0.53,0.3,,14.0,0.56,0.3,0.0,0.0,13.0,0.64,0.29,0.5,0.03,0.3,0.11,0.295242273,0.1,0.372575373,0.941176471,0.094117647,0.350659174,0.071785714,0.076386157,0.06358873,0.067663863,Yes,,FES / e-stim,1.0,False,False,7,3,False,0.094117647,False,Gait_speed,native,,10.0,False,True,0.3
4,2,ada2003,ada,2003,exp,4,overground and treadmill walking,http://www.ncbi.nlm.nih.gov/pubmed/14586916,australia,new south wales,sydney,6.0,6.0,6.0,1.0,28.0,49.0,66.0,11.0,840.0,>1year,2.301369863,0,,,,,,,,,,,,,,,,,,,,,,,1.0,10mwt SSV,le,,speed,lohse,0.0,0.0,13,0.62,0.24,,11.0,0.75,0.26,0.0,0.0,13.0,0.83,0.26,0.5,0.13,0.249289901,0.21,0.25019992,0.521481214,0.839328805,0.936170213,0.488195179,0.785754626,0.08738241,0.104018186,0.076583226,0.091163064,Yes,,Treadmill / BWSTT,1.0,False,False,7,3,False,0.488195179,False,Gait_speed,native,,10.0,False,False,0.2501999200639361
14,6,bale2008,bale,2008,ctrl,12,training as usual,http://www.ncbi.nlm.nih.gov/pubmed/18955423,norway,,Førde,16.67,16.67,16.67,1.0,28.0,,64.9,10.4,32.0,<90days,0.087671233,1,,,,,,,,,,,,,,,,,,,,,,,0.0,gait speed SSV,le,,speed,lohse,0.0,1.0,10,0.38,0.3,,10.0,0.46,0.3,,,,,,0.5,0.08,0.3,,0.3,0.266666667,,0.914285714,0.243809524,,0.103555556,,0.086563991,,,,Conventional / standard,1.0,False,False,7,3,False,0.243809524,False,Gait_speed,native,,10.0,True,False,0.3
15,6,bale2008,bale,2008,exp,13,functional strength training,http://www.ncbi.nlm.nih.gov/pubmed/18955423,norway,,Førde,16.67,16.67,16.67,1.0,28.0,,60.8,10.2,49.4,<90days,0.135342466,1,,,,,,,,,,,,,,,,,,,,,,,0.0,gait speed SSV,le,,speed,lohse,0.0,1.0,8,0.13,0.2,,8.0,0.36,0.2,,,,,,0.5,0.23,0.2,,0.2,1.15,,0.888888889,1.022222222,,0.20765625,,0.164074074,,,,Strength / resistance,1.0,False,False,7,3,False,1.022222222,False,Gait_speed,native,,10.0,True,False,0.2
52,20,cho2013,cho,2013,ctrl,42,treadmill training + conventional therapy,http://www.ncbi.nlm.nih.gov/pubmed/23598900,south korea,,seoul,33.0,33.0,33.0,1.0,42.0,,65.14,4.74,312.0,<1year,0.854794521,1,,26.14,,,2.57,,,,,,,,,,,,,,,,,,1.0,gait speed,le,,speed,USU,0.0,0.0,7,52.05,18.04,0.0,7.0,61.8,20.64,,,,,,0.5,9.75,19.38364259,,18.04,0.503001433,,0.869565217,0.43739255,,0.160929317,,0.121685684,,,,Treadmill / BWSTT,1.0,False,False,7,3,False,0.43739255,False,Gait_speed,time,,10.0,False,False,19.38364258853325
53,20,cho2013,cho,2013,exp,43,virtual reality walking + conventional therapy,http://www.ncbi.nlm.nih.gov/pubmed/23598900,south korea,,seoul,33.0,33.0,33.0,1.0,42.0,,64.57,4.35,288.28,<1year,0.789808219,1,,26.71,,,2.85,,,,,,,,,,,,,,,,,,1.0,gait speed,le,,speed,USU,0.0,0.0,7,54.27,16.18,0.0,7.0,79.67,13.91,,,,,,0.5,25.4,15.08775165,,16.18,1.683484762,,0.869565217,1.463899793,,0.345294353,,0.261092138,,,,Virtual reality,1.0,False,False,7,3,False,1.463899793,False,Gait_speed,time,,10.0,False,False,15.087751654902064
57,22,cooke2010,cooke,2010,ctrl,47,conventional therapy,http://www.ncbi.nlm.nih.gov/pubmed/19704158,uk,norfolk,norwich,9.2,9.2,9.2,1.0,42.0,84.0,66.4,10.4,36.76,<90days,0.100712329,1,,,,,,,,,,>28,,,,,,29.4,,,,,,,7.0,10mwt,le,,speed,lohse,1.0,1.0,38,0.17,0.224,,31.0,0.3,0.35,0.0,0.0,24.0,0.44,0.39,0.5,0.13,0.287332352,0.27,0.298742141,0.45243774,0.903789466,0.979591837,0.443204317,0.885344783,0.029009209,0.037063624,0.027837242,0.035566259,Yes,,Conventional / standard,1.0,False,False,7,3,False,0.443204317,False,Gait_speed,native,,10.0,True,False,0.293833286065415
58,22,cooke2010,cooke,2010,exp,48,CPT+CPT,http://www.ncbi.nlm.nih.gov/pubmed/19704158,uk,norfolk,norwich,23.0,23.0,23.0,1.0,42.0,84.0,67.5,10.4,32.43,<90days,0.088849315,1,,,,,,,,,,>28,,,,,,28.9,,,,,,,3.0,10mwt,le,,speed,lohse,1.0,1.0,35,0.27,0.36,,32.0,0.55,0.49,0.0,0.0,28.0,0.59,0.48,0.5,0.28,0.426966041,0.32,0.417392373,0.65578986,0.766664703,0.977777778,0.641216752,0.749627709,0.034715148,0.036968211,0.033189396,0.035343435,Yes,,Conventional / standard,1.0,False,False,7,3,False,0.641216752,False,Gait_speed,native,,10.0,True,False,0.4299418565341132
59,22,cooke2010,cooke,2010,exp,49,CPT+FST,http://www.ncbi.nlm.nih.gov/pubmed/19704158,uk,norfolk,norwich,23.5,23.5,23.5,1.0,42.0,84.0,71.2,10.4,33.86,<90days,0.092767123,1,,,,,,,,,,>28,,,,,,30.3,,,,,,,0.0,10mwt,le,,speed,lohse,1.0,1.0,36,0.23,0.29,,36.0,0.42,0.39,0.0,0.0,29.0,0.46,0.37,0.5,0.19,0.343656806,0.23,0.327973576,0.552877164,0.701276007,0.978417266,0.540944563,0.686140554,0.032023238,0.034608167,0.030655857,0.03313041,Yes,,Conventional / standard,1.0,False,False,7,3,False,0.540944563,False,Gait_speed,native,,10.0,True,False,0.3436568055487917
80,30,dean/ada2010/2010,dean/ada,2010/2010,exp,64,treadmill walking,http://www.ncbi.nlm.nih.gov/pubmed/20482476,australia,,sydney,,17.05,,,180.0,,70.0,9.0,18.0,<90days,0.049315068,0,,,,,,,,,,,,,,3.1,,,0,,,,,,4.0,10mwt,le,,speed,lohse,1.0,1.0,38,0.0,0.0,,38.0,0.57,0.36,0.0,,,,,0.5,0.57,0.36,,,1.583333333,,0.979591837,1.551020408,,0.059301901,,0.056906114,,Yes,0 SD at baseline (non-abulatory patients),Treadmill / BWSTT,1.0,False,False,7,3,False,1.551020408,False,Gait_speed,native,,10.0,False,True,0.2545584412271571
81,30,dean/ada2010/2010,dean/ada,2010/2010,ctrl,65,overground walking,http://www.ncbi.nlm.nih.gov/pubmed/20482476,australia,,sydney,,17.7,,,180.0,,71.0,9.0,18.0,<90days,0.049315068,0,,,,,,,,,,,,,,2.9,,,0,,,,,,2.0,10mwt,le,,speed,lohse,1.0,1.0,32,0.0,0.0,,32.0,0.47,0.28,0.0,,,,,0.5,0.47,0.28,,,1.678571429,,0.975609756,1.637630662,,0.075275032,,0.071647859,,Yes,0 SD at baseline (non-abulatory patients),Overground / gait training,1.0,False,False,7,3,False,1.637630662,False,Gait_speed,native,,10.0,False,True,0.19798989873223333
86,32,di lauro2003,di lauro,2003,ctrl,68,conventional therapy,http://www.ncbi.nlm.nih.gov/pubmed/14586603,italy,,naples,10.5,10.5,10.5,1.0,14.0,180.0,67.6,9.645,1.0,<90days,0.002739726,1,10.6,,,,,,,1.4,,,,,,,,,,,,,,,3.0,bartel,,,,lohse,0.0,0.0,29,7.5,7.5,,26.0,16.0,13.0,0.0,0.0,22.0,38.5,15.0,0.5,1.7,2.092213777,6.2,2.267786838,0.812536471,2.733943021,0.972972973,0.790576026,2.66005267,0.045865785,0.16335249,0.043420056,0.154641949,Yes,,Conventional / standard,5.0,True,False,7,0,False,0.790576026,False,Barthel,native,,,True,False,10.612492638395562
87,32,di lauro2003,di lauro,2003,exp,69,CPT + CPT,http://www.ncbi.nlm.nih.gov/pubmed/14586603,italy,,naples,28.0,28.0,28.0,1.0,14.0,180.0,69.3,9.645,1.0,<90days,0.002739726,1,10.8,,,,,,,1.5,,,,,,,,,,,,,,,4.0,bartel,,,,lohse,0.0,0.0,31,7.0,7.0,,27.0,16.0,10.0,0.0,0.0,24.0,40.0,14.0,0.5,1.8,1.705034562,6.6,2.124075826,1.055697075,3.107233706,0.974789916,1.029082863,3.028900083,0.050233812,0.187982279,0.04773294,0.178623653,Yes,,Conventional / standard,5.0,True,False,7,0,False,1.029082863,False,Barthel,native,,,True,False,8.631338250816034
96,34,dobkin2010,dobkin,2010,ctrl,72,conventional training,http://www.ncbi.nlm.nih.gov/pubmed/20164411,usa,CA,los angeles,,20.0,,,42.8,132.8,65.1,10.4,30.2,<90days,0.082739726,0,6.6,,,,,,>4,,,,,,,,,,,,>2,,,,7.0,gait speed SSV,le,,speed,lohse,1.0,0.0,91,0.46,0.34,,84.0,0.72,0.44,,,,,,0.5,0.26,0.391180221,,0.34,0.664655282,,0.991643454,0.659101059,,0.0134163,,0.013193009,,,,Conventional / standard,1.0,False,False,7,3,False,0.659101059,False,Gait_speed,native,,10.0,True,True,0.39319206502675
97,34,dobkin2010,dobkin,2010,exp,73,conventional gait training plus augmented feedback,http://www.ncbi.nlm.nih.gov/pubmed/20164411,usa,CA,los angeles,,17.7,,,40.4,130.4,62.9,8.100000000000001,27.3,<90days,0.074794521,0,6.4,,,,,,>4,,,,,,,,,,,,>2,,,,10.0,gait speed SSV,le,,speed,lohse,1.0,0.0,88,0.45,0.37,,78.0,0.91,0.57,,,,,,0.5,0.46,0.474519012,,0.37,0.969402676,,0.991354467,0.961021673,,0.016703077,,0.016415511,,,,Overground / gait training,1.0,False,False,7,3,False,0.961021673,False,Gait_speed,native,,10.0,True,True,0.48052055106935854
131,41,eich2004,eich,2004,exp,89,treadmill walking + conventional therapy,http://www.ncbi.nlm.nih.gov/pubmed/15473116,germany,,berlin,30.0,30.0,30.0,3.0,42.0,84.0,62.4,6.0,42.7,<90days,0.116986301,1,,,,,,,,,67.8,,,,,,,,,,,,,,0.0,10mwt,le,,speed,lohse,0.0,1.0,25,0.4,0.17,,25.0,0.71,0.3,0.0,0.0,24.0,0.77,0.35,0.5,0.31,0.243823707,0.37,0.273320792,1.271410414,1.353720649,0.968421053,1.231260611,1.310971576,0.072329689,0.076651192,0.067833627,0.071886503,Yes,,Treadmill / BWSTT,1.0,False,False,7,3,False,1.231260611,False,Gait_speed,native,,10.0,False,False,0.24382370680473217
132,41,eich2004,eich,2004,ctrl,90,conventional therapy dosage matched to exp group,http://www.ncbi.nlm.nih.gov/pubmed/15473116,germany,,berlin,30.0,30.0,30.0,3.0,42.0,84.0,64.0,4.8,65.6,<90days,0.179726027,1,,,,,,,,,65.6,,,,,,,,,,,,,,0.0,10mwt,le,,speed,lohse,0.0,1.0,25,0.44,0.22,,25.0,0.6,0.22,0.0,0.0,25.0,0.58,0.22,0.5,0.16,0.22,0.14,0.22,0.727272727,0.636363636,0.968421053,0.70430622,0.616267943,0.050578512,0.048099174,0.047434518,0.045109297,Yes,,Conventional / standard,1.0,False,False,7,3,False,0.70430622,False,Gait_speed,native,,10.0,False,False,0.22
153,46,fuzaro2011,fuzaro,2011,exp,99,mCIMT,http://www.ncbi.nlm.nih.gov/pubmed/22378476,brasil,,sao paulo,39.67,28.17,16.67,1.0,28.0,90.0,54.15,12.94,587.1,>1year,1.608493151,1,,,,,,,,,,,51.83,,,,42.63,,,,,,,,10.0,10mwt,le,,speed,USU,0.0,0.0,19,100.0,0.0,0.0,19.0,70.58,15.69,0.0,0.0,19.0,64.47,5.36,0.5,-29.42,15.69,-35.53,5.36,1.875079669,6.628731343,0.957746479,1.79585095,6.348644103,0.145155889,1.208949453,0.133148349,1.108943121,,,CIMT,1.0,False,False,7,3,False,1.79585095,False,Gait_speed,time,,10.0,False,False,11.094505396816931
154,46,fuzaro2011,fuzaro,2011,exp,100,modified forced use therapy,http://www.ncbi.nlm.nih.gov/pubmed/22378476,brasil,,sao paulo,23.0,11.5,0.0,1.0,28.0,90.0,57.8,15.65,924.9,>1year,2.533972603,1,,,,,,,,,,,45.0,,,,48.61,,,,,,,,12.0,10mwt,le,,speed,USU,0.0,0.0,18,100.0,0.0,0.0,18.0,84.98,9.44,0.0,0.0,18.0,81.06,19.17,0.5,-15.02,9.44,-18.94,19.17,1.591101695,0.988002087,0.955223881,1.519858335,0.943763187,0.125877906,0.082670781,0.11485763,0.075433174,,,CIMT,1.0,False,False,7,3,False,1.519858335,False,Gait_speed,time,,10.0,False,False,6.675088014401008
163,49,gelber1995,gelber,1995,ctrl,105,traditional therapy,http://nnr.sagepub.com/content/9/4/191.abstract,usa,,springfield,,30.0,,,25.2,180.0,69.8,10.05,13.8,<90days,0.037808219,0,,,,82.1,,,,,,,,14.6,,,,,,,,,,,0.0,fim,,,,lohse,0.0,0.0,12,82.1,20.1,,12.0,105.3,16.6,,,12.0,117.5,12.1,0.5,23.2,18.43325799,35.4,16.58945448,1.258594656,2.133885719,0.930232558,1.170785727,1.985009971,0.149335855,0.273061178,0.129225185,0.236288742,Yes,,Conventional / standard,1.0,False,False,7,2,False,1.170785727,False,FIM_Total,native,,,False,True,18.433257986585012
164,49,gelber1995,gelber,1995,exp,106,neurodevelopmental therapy,http://nnr.sagepub.com/content/9/4/191.abstract,usa,,springfield,,0.0,,,27.3,180.0,73.8,7.74,11.3,<90days,0.030958904,0,,,,77.9,,,,,,,,5.5,,,,,,,,,,,0.0,fim,,,,lohse,0.0,0.0,15,77.9,14.7,,15.0,101.2,14.7,,,15.0,106.9,16.3,0.5,23.3,14.7,29.0,15.52063143,1.585034014,1.868480682,0.945454545,1.498577613,1.766563554,0.150411094,0.183040669,0.134450115,0.163617179,Yes,,Other / unclassified,1.0,False,False,7,2,False,1.498577613,False,FIM_Total,native,,,False,True,14.7
177,53,green2002,green,2002,exp,113,community physical therapy,http://www.ncbi.nlm.nih.gov/pubmed/11812553,uk,,bradford,,20.0,,,90.0,270.0,71.5,10.4,365.0,,1.0,0,,,,,,10.0,,18,,,,,,,,10.0,,,,,,,7.0,gait speed SSV,le,,speed,lohse,1.0,1.0,83,23.2,10.1,,83.0,25.5,12.6,,,83.0,25.4,14.5,0.5,2.3,11.41862514,2.2,12.49519908,0.201425301,0.176067623,0.990825688,0.199577362,0.174452324,0.012292603,0.012234939,0.012068086,0.012011474,Yes,,Conventional / standard,1.0,False,False,7,3,False,0.199577362,False,Gait_speed,time,,10.0,True,True,11.41862513615365
178,53,green2002,green,2002,ctrl,114,no treatment?,http://www.ncbi.nlm.nih.gov/pubmed/11812553,uk,,bradford,,0.0,,,90.0,270.0,73.5,8.2,365.0,,1.0,0,,,,,,13.0,,18,,,,,,,,10.0,,,,,,,8.0,gait speed SSV,le,,speed,lohse,1.0,1.0,85,24.4,12.4,,85.0,24.9,13.8,,,85.0,25.8,13.6,0.5,0.5,13.11868896,1.4,13.01383879,0.038113565,0.107577789,0.991044776,0.037772249,0.106614406,0.011773251,0.011832782,0.011563331,0.011621801,Yes,,No treatment / control,1.0,False,False,7,3,False,0.037772249,False,Gait_speed,time,,10.0,True,True,13.118688958886098
198,60,hornby2008,hornby,2008,exp,128,robot assisted gait training,http://www.ncbi.nlm.nih.gov/pubmed/18467648,usa,IL,chicago,6.0,6.0,6.0,3.0,,,57.0,10.0,1500.0,>1year,4.109589041,1,,,,,,,,,,,,,,,,,,0.8,,,13,,4.0,gait speed SSV,le,,speed,lohse,1.0,0.0,24,0.45,0.19,,24.0,0.52,0.21,,,24.0,0.5,0.21,0.5,0.07,0.200249844,0.05,0.200249844,0.349563319,0.249688085,0.967032967,0.338039253,0.241456609,0.044212386,0.042965503,0.041345334,0.040179309,,"This study conducted an ""on-protocol"" analysis, continuing to randomize participants as old participants withdrew, until there were 24 in each condition",Robot-assisted,1.0,False,False,7,3,False,0.338039253,False,Gait_speed,native,,10.0,False,False,0.20024984394500786
199,60,hornby2008,hornby,2008,ctrl,129,"usual care, therapist assisted gait training",http://www.ncbi.nlm.nih.gov/pubmed/18467648,usa,IL,chicago,6.0,6.0,6.0,3.0,,,57.0,11.0,2190.0,>1year,6.0,1,,,,,,,,,,,,,,,,,,1,,,9.6,,10.0,gait speed SSV,le,,speed,lohse,1.0,0.0,24,0.43,0.22,,24.0,0.56,0.28,,,24.0,0.52,0.25,0.5,0.13,0.251793566,0.09,0.235478237,0.516295956,0.382200925,0.967032967,0.49927521,0.369600895,0.047220032,0.044709949,0.044157943,0.041810632,,"This study conducted an ""on-protocol"" analysis, continuing to randomize participants as old participants withdrew, until there were 24 in each condition",Overground / gait training,1.0,False,False,7,3,False,0.49927521,False,Gait_speed,native,,10.0,False,False,0.25179356624028343
212,64,hui chan2009,hui chan,2009,ctrl,138,no treatment?,http://www.ncbi.nlm.nih.gov/pubmed/19509438,china,,hong kong,0.0,0.0,0.0,1.0,28.0,56.0,56.6,7.9,1715.5,>1year,4.7,0,,,,,,,,,,,,,,,,,,,,,,,0.0,gait speed 4.6m,le,,speed,lohse,0.0,1.0,29,0.589,0.249,,29.0,0.609,0.248,,,29.0,0.612,0.242,0.5,0.02,0.248500503,0.023,0.245524948,0.080482734,0.093676835,0.972972973,0.078307525,0.091145029,0.034594439,0.034634058,0.032749739,0.032787245,,,No treatment / control,1.0,False,False,7,3,False,0.078307525,False,Gait_speed,native,,4.6,False,False,0.24850050301759954
213,64,hui chan2009,hui chan,2009,exp,139,transcutaneous electrical stim only,http://www.ncbi.nlm.nih.gov/pubmed/19509438,china,,hong kong,0.0,0.0,0.0,1.0,28.0,56.0,56.6,7.9,1715.5,>1year,4.7,0,,,,,,,,,,,,,,,,,,,,,,,0.0,gait speed 4.6m,le,,speed,lohse,0.0,1.0,28,0.577,0.263,,28.0,0.649,0.289,,,28.0,0.612,0.273,0.5,0.072,0.27630599,0.035,0.268046638,0.26058067,0.130574292,0.971962617,0.25327467,0.126913331,0.036926827,0.036018744,0.034885191,0.034027315,,,FES / e-stim,1.0,False,False,7,3,False,0.25327467,False,Gait_speed,native,,4.6,False,False,0.2763059898011623
214,64,hui chan2009,hui chan,2009,exp,140,placebo stim + task specific training,http://www.ncbi.nlm.nih.gov/pubmed/19509438,china,,hong kong,20.0,20.0,20.0,1.0,28.0,56.0,56.6,7.9,1715.5,>1year,4.7,0,,,,,,,,,,,,,,,,,,,,,,,0.0,gait speed 4.6m,le,,speed,lohse,0.0,1.0,25,0.507,0.245,,25.0,0.606,0.297,,,25.0,0.613,0.286,0.5,0.099,0.272244376,0.106,0.266290255,0.363643876,0.398061882,0.968421053,0.352160385,0.385491506,0.042644737,0.043169065,0.039993912,0.040485647,,,Task-specific / repetitive,1.0,False,False,7,3,False,0.352160385,False,Gait_speed,native,,4.6,False,False,0.27224437551582215
215,64,hui chan2009,hui chan,2009,exp,141,STIM + task specific training,http://www.ncbi.nlm.nih.gov/pubmed/19509438,china,,hong kong,20.0,20.0,20.0,1.0,28.0,56.0,56.6,7.9,1715.5,>1year,4.7,0,,,,,,,,,,,,,,,,,,,,,,,0.0,gait speed 4.6m,le,,speed,lohse,0.0,1.0,27,0.479,0.268,,27.0,0.666,0.325,,,27.0,0.702,0.327,0.5,0.187,0.297866581,0.223,0.298959027,0.627797853,0.745921613,0.970873786,0.609512479,0.724195741,0.044335743,0.047340723,0.04179069,0.044623172,,,Task-specific / repetitive,1.0,False,False,7,3,False,0.609512479,False,Gait_speed,native,,4.6,False,False,0.29786658087136936
228,66,huseman2007,huseman,2007,ctrl,146,conventional physiotherapy,http://www.ncbi.nlm.nih.gov/pubmed/17204680,germany,,bad aibling,20.0,20.0,20.0,1.0,28.0,,57.0,10.4,89.0,<90days,0.243835616,1,,,,,,,,,,,,,,,,,,,,,,,0.0,10mwt,le,,speed,lohse,1.0,1.0,14,0.12,0.11,,14.0,0.2,0.19,,,,,,0.5,0.08,0.155241747,,0.11,0.515325301,,0.941176471,0.485012048,,0.080912863,,0.071673678,,,,Conventional / standard,1.0,False,False,7,3,False,0.485012048,False,Gait_speed,native,,10.0,True,False,0.15524174696260024
229,66,huseman2007,huseman,2007,exp,147,lokomat gait training,http://www.ncbi.nlm.nih.gov/pubmed/17204680,germany,,bad aibling,20.0,20.0,20.0,1.0,28.0,,60.0,13.45,79.0,<90days,0.216438356,1,,,,,,,,,,,,,,,,,,,,,,,2.0,10mwt,le,,speed,lohse,1.0,1.0,16,0.14,0.08,,16.0,0.2,0.12,,,,,,0.5,0.06,0.10198039,,0.08,0.588348405,,0.949152542,0.558432385,,0.073317308,,0.06605087,,,,Robot-assisted,1.0,False,False,7,3,False,0.558432385,False,Gait_speed,native,,10.0,True,False,0.1019803902718557
257,77,kang2012,kang,2012,ctrl,168,CPT + stretching,http://www.ncbi.nlm.nih.gov/pubmed/21971754,south korea,,seoul,,20.0,,,28.0,,56.1,7.8,453.0,>1year,1.24109589,1,,24.7,,,>4,,,,,,,,,,,,,,,,,,0.0,10mwt,le,,speed,USU,0.0,0.0,10,0.5,0.1,0.0,10.0,0.5,0.1,,,,,,0.5,0.0,0.1,,0.1,0.0,,0.914285714,0.0,,0.1,,0.083591837,,,,Conventional / standard,1.0,False,False,7,3,False,0.0,False,Gait_speed,native,,10.0,False,True,0.1
258,77,kang2012,kang,2012,exp,169,CPT + treadmill training,http://www.ncbi.nlm.nih.gov/pubmed/21971754,south korea,,seoul,,17.05,,,28.0,,56.3,7.6,405.0,>1year,1.109589041,1,,23.7,,,>4,,,,,,,,,,,,,,,,,,1.0,10mwt,le,,speed,USU,0.0,0.0,10,0.5,0.2,0.0,10.0,0.5,0.2,,,,,,0.5,0.0,0.2,,0.2,0.0,,0.914285714,0.0,,0.1,,0.083591837,,,,Treadmill / BWSTT,1.0,False,False,7,3,False,0.0,False,Gait_speed,native,,10.0,False,True,0.2
259,77,kang2012,kang,2012,exp,170,CPT + treadmill training with optic flow information,http://www.ncbi.nlm.nih.gov/pubmed/21971754,south korea,,seoul,,17.05,,,28.0,,55.9,6.5,423.0,>1year,1.15890411,1,,24.2,,,>4,,,,,,,,,,,,,,,,,,1.0,10mwt,le,,speed,USU,0.0,0.0,10,0.5,0.2,0.0,10.0,0.7,0.2,,,,,,0.5,0.2,0.2,,0.2,1.0,,0.914285714,0.914285714,,0.15,,0.125387755,,,,Treadmill / BWSTT,1.0,False,False,7,3,False,0.914285714,False,Gait_speed,native,,10.0,False,True,0.2
272,81,kim2009,kim,2009,ctrl,178,CPT,http://www.ncbi.nlm.nih.gov/pubmed/19692788,south korea,,seoul,10.72,10.72,10.72,1.0,28.0,,51.75,7.09,727.5,>1year,1.993150685,0,,,,,,,,,,,,,,,,,,,,,,,0.0,10mwt,le,,speed,USU,0.0,0.0,12,44.45,10.1,0.0,12.0,46.75,13.07,,,,,,0.5,2.3,11.6797881,,10.1,0.196921381,,0.930232558,0.18318268,,0.084949085,,0.073509213,,,,Conventional / standard,1.0,False,False,7,3,False,0.18318268,False,Gait_speed,time,,10.0,False,False,11.679788097392864
273,81,kim2009,kim,2009,exp,179,CPT + locomotor VR training,http://www.ncbi.nlm.nih.gov/pubmed/19692788,south korea,,seoul,18.7,18.7,18.7,1.0,28.0,,52.42,10.09,777.3,>1year,2.129589041,0,,,,,,,,,,,,,,,,,,,,,,,0.0,10mwt,le,,speed,USU,0.0,0.0,12,48.63,20.46,0.0,12.0,64.0,22.66,,,,,,0.5,15.37,21.58804299,,20.46,0.711968195,,0.930232558,0.662295995,,0.104454113,,0.09038755,,,,Virtual reality,1.0,False,False,7,3,False,0.662295995,False,Gait_speed,time,,10.0,False,False,21.588042986801746
274,82,kim2012,kim,2012,ctrl,180,no treatment?,https://www.jstage.jst.go.jp/article/jpts/24/9/24_901/_pdf,south korea,,seoul,0.0,0.0,0.0,1.0,21.0,,55.0,9.645,385.0,>1year,1.054794521,0,,25.14,,,,,,,,,,,,,,,,,,,,,3.0,fim,,,,lohse,0.0,0.0,7,101.0,7.89,,7.0,101.28,8.11,,,7.0,,,0.5,0.28,8.000756214,,7.89,0.034996692,,0.869565217,0.030431906,,0.142944626,,0.108086674,,,,No treatment / control,1.0,False,False,7,2,False,0.030431906,False,FIM_Total,native,,,True,False,8.000756214258748
275,82,kim2012,kim,2012,exp,181,therapy games using nintendo wii,https://www.jstage.jst.go.jp/article/jpts/24/9/24_901/_pdf,south korea,,seoul,4.5,4.5,4.5,1.0,21.0,,41.3,9.645,378.0,>1year,1.035616438,0,,25.14,,,,,,,,,,,,,,,,,,,,,0.0,fim,,,,lohse,0.0,0.0,10,101.5,13.64,,10.0,103.3,4.32,,,10.0,,,0.5,1.8,10.11711421,,13.64,0.177916347,,0.914285714,0.162666374,,0.101582711,,0.084914854,,,,Virtual reality,1.0,False,False,7,2,False,0.162666374,False,FIM_Total,native,,,True,False,10.117114213055025
278,84,kuys2011,kuys,2011,ctrl,184,conventional therapy,http://www.ncbi.nlm.nih.gov/pubmed/20921032,australia,,brisbane,30.0,30.0,30.0,2.0,42.0,126.0,72.0,17.0,49.0,<90days,0.134246575,0,,28,,,,,,,80.0,,,,,"<4,5,6",,,,,,,,,0.0,10mwt,le,,speed,lohse,0.0,1.0,15,0.58,0.36,,15.0,0.68,0.37,0.0,0.0,12.0,0.66,0.41,0.5,0.1,0.365034245,0.08,0.382805434,0.273946901,0.208983449,0.945454545,0.259004342,0.197584352,0.06916823,0.068122469,0.061828395,0.060893606,Yes,"The authors report and intention to treat analysis, but according to their tables, it does not look like missing data were carried forward.",Conventional / standard,1.0,False,False,7,3,False,0.259004342,False,Gait_speed,native,,10.0,False,False,0.3650342449688796
279,84,kuys2011,kuys,2011,exp,185,CPT + HI treadmill,http://www.ncbi.nlm.nih.gov/pubmed/20921032,australia,,brisbane,36.3,36.3,36.3,2.0,42.0,126.0,63.0,14.0,52.0,<90days,0.142465753,0,,28,,,,,,,76.0,,,,,"<4,5,6",,,,,,,,,2.0,10mwt,le,,speed,lohse,0.0,1.0,15,0.34,0.2,,13.0,0.63,0.3,0.0,0.0,12.0,0.72,0.35,0.5,0.29,0.251151196,0.38,0.276224546,1.154682936,1.375692367,0.945454545,1.09170023,1.300654602,0.111109756,0.129750983,0.099319266,0.115982366,Yes,"The authors report and intention to treat analysis, but according to their tables, it does not look like missing data were carried forward.",Treadmill / BWSTT,1.0,False,False,7,3,False,1.09170023,False,Gait_speed,native,,10.0,False,False,0.25495097567963926
284,85,kwakkel/kwakkel1999/2002,kwakkel/kwakkel,1999/2002,ctrl,186,conventional therapy,http://www.ncbi.nlm.nih.gov/pubmed/10421300,netherlands,,amsterdam,73.5,73.5,73.5,2.0,140.0,364.0,64.1,15.0,7.5,<90days,0.02,1,,26,,,,,,,,,,,15.0,,,,,,,,,4.8,3.0,10mwt SSV,le,,speed,lohse,0.0,1.0,37,0.0,0.0,,37.0,0.37,0.41,,,37.0,0.53,0.44,0.5,0.37,0.41,0.53,0.44,0.902439024,1.204545455,0.979020979,0.883506737,1.17927527,0.038032381,0.046634186,0.036453356,0.044698031,Yes,0 SD at baseline; FU is added from Kwakkel et al 2002,Conventional / standard,1.0,False,False,7,3,False,0.883506737,False,Gait_speed,native,,10.0,False,False,0.28991378028648446
285,85,kwakkel/kwakkel1999/2002,kwakkel/kwakkel,1999/2002,exp,187,arm intensive therapy + CPT,http://www.ncbi.nlm.nih.gov/pubmed/10421300,netherlands,,amsterdam,114.5,114.5,114.5,2.0,140.0,364.0,69.0,9.8,7.2,<90days,0.02,1,,27,,,,,,,,,,,15.0,,,,,,,,,4.4,4.0,10mwt SSV,le,,speed,lohse,0.0,1.0,33,0.0,0.0,,33.0,0.55,0.46,,,33.0,0.59,0.44,0.5,0.55,0.46,0.59,0.44,1.195652174,1.340909091,0.976377953,1.167408422,1.309234073,0.051963396,0.057546018,0.049537428,0.054859419,Yes,0 SD at baseline; FU is added from Kwakkel et al 2002,FES / e-stim,1.0,False,False,7,3,False,1.167408422,False,Gait_speed,native,,10.0,False,False,0.3252691193458119
286,85,kwakkel/kwakkel1999/2002,kwakkel/kwakkel,1999/2002,exp,188,leg intensive therapy + CPT,http://www.ncbi.nlm.nih.gov/pubmed/10421300,netherlands,,amsterdam,117.17,117.17,117.17,2.0,140.0,364.0,64.5,9.7,7.0,<90days,0.02,1,,27,,,,,,,,,,,15.0,,,,,,,,,4.0,5.0,10mwt SSV,le,,speed,lohse,0.0,1.0,31,0.0,0.0,,31.0,0.65,0.46,,,31.0,0.64,0.46,0.5,0.65,0.46,0.64,0.46,1.413043478,1.391304348,0.974789916,1.377420533,1.356229448,0.064462772,0.06347948,0.061253518,0.060319179,Yes,0 SD at baseline; FU is added from Kwakkel et al 2002,FES / e-stim,1.0,False,False,7,3,False,1.377420533,False,Gait_speed,native,,10.0,False,False,0.3252691193458119
304,90,lau2011,lau,2011,ctrl,197,gait training on the treadmill at steady speed,http://www.ncbi.nlm.nih.gov/pubmed/21698340,china,,hong kong,20.0,20.0,20.0,1.0,14.0,,72.1,10.125,12.7,<90days,0.034794521,0,,>23,,,,,,,,,,,,,,,,0 or 1,,,,,2.0,10mwt SSV,le,,speed,lohse,0.0,0.0,15,0.3,0.19,,13.0,0.52,0.21,,,,,,0.5,0.22,0.199480093,,0.19,1.102866939,,0.945454545,1.04271056,,0.107210516,,0.095833797,,,,Treadmill / BWSTT,1.0,False,False,7,3,False,1.04271056,False,Gait_speed,native,,10.0,True,False,0.20024984394500786
305,90,lau2011,lau,2011,exp,198,progressive increases in treadmill speed within a session,http://www.ncbi.nlm.nih.gov/pubmed/21698340,china,,hong kong,20.0,20.0,20.0,1.0,14.0,,69.5,10.125,12.9,<90days,0.035342466,0,,>23,,,,,,,,,,,,,,,,0 or 1,,,,,2.0,10mwt SSV,le,,speed,lohse,0.0,0.0,15,0.28,0.19,,13.0,0.64,0.32,,,,,,0.5,0.36,0.258263431,,0.19,1.393925567,,0.945454545,1.317893263,,0.131434283,,0.117487042,,,,Treadmill / BWSTT,1.0,False,False,7,3,False,1.317893263,False,Gait_speed,native,,10.0,True,False,0.26315394733881536
306,91,laufer2001,laufer,2001,ctrl,199,CPT with overground walking,http://www.ncbi.nlm.nih.gov/pubmed/11322472,israel,,haifa,,17.7,,,21.0,,69.3,8.100000000000001,35.8,<90days,0.098082192,1,,,,,,,1.92,,,,,,,,,,,,,,,,2.0,gait speed,le,,speed,lohse,0.0,0.0,14,0.18,0.16,,12.0,0.33,0.24,,,,,,0.5,0.15,0.200665559,,0.16,0.747512431,,0.941176471,0.703541111,,0.091384816,,0.080949871,,,,Overground / gait training,1.0,False,False,7,3,False,0.703541111,False,Gait_speed,native,,10.0,True,True,0.2039607805437114
307,91,laufer2001,laufer,2001,exp,200,CPT with treadmill training,http://www.ncbi.nlm.nih.gov/pubmed/11322472,israel,,haifa,,17.05,,,21.0,,66.6,10.125,32.6,<90days,0.089315068,1,,,,,,,2.18,,,,,,,,,,,,,,,,2.0,gait speed,le,,speed,lohse,0.0,0.0,15,0.2,0.12,,13.0,0.47,0.4,,,,,,0.5,0.27,0.285657137,,0.12,0.945189057,,0.945454545,0.89363329,,0.096446078,,0.086211635,,,,Treadmill / BWSTT,1.0,False,False,7,3,False,0.89363329,False,Gait_speed,native,,10.0,True,True,0.295296461204668
324,95,lin2007,lin,2007,ctrl,209,standard care,http://www.ncbi.nlm.nih.gov/pubmed/18042603,taiwan,,taoyuan,30.0,30.0,30.0,1.0,21.0,,58.77,9.4,498.3,>1year,1.365205479,0,,86.5,,102,4.5,,,,,,,,,,,,,0.32,,,,,2.0,fim,,,,lohse,0.0,0.0,15,102.0,17.8,,15.0,105.67,15.85,,,,,,0.5,3.67,16.85322669,,17.8,0.217762454,,0.945454545,0.205884502,,0.06824735,,0.061005234,,Yes,,Conventional / standard,1.0,False,False,7,2,False,0.205884502,False,FIM_Total,native,,,True,False,16.85322669401916
325,95,lin2007,lin,2007,exp,210,mCIMT,http://www.ncbi.nlm.nih.gov/pubmed/18042603,taiwan,,taoyuan,105.0,75.0,30.0,1.0,21.0,,57.11,9.645,479.1,>1year,1.31260274,0,,84.7,,104,4.5,,,,,,,,,,,,,0.41,,,,,0.0,fim,,,,lohse,0.0,0.0,17,104.0,13.6,,17.0,113.6,10.55,,,,,,0.5,9.6,12.17091821,,13.6,0.788765468,,0.952380952,0.751205208,,0.077122087,,0.069952007,,Yes,,CIMT,1.0,False,False,7,2,False,0.751205208,False,FIM_Total,native,,,True,False,12.170918206939032
360,108,moore2010,moore,2010,ctrl,237,CPT up to the crossover point,http://www.ncbi.nlm.nih.gov/pubmed/19910547,usa,IL,chicago,,20.0,,4.0,28.0,,50.0,15.0,390.0,>1year,1.068493151,1,,,,,,,,,,,43.0,,,,,,,,,,,,0.0,10mwt SSV,le,,speed,lohse,0.0,0.0,10,0.53,0.22,,10.0,0.58,0.23,,,,,,0.5,0.05,0.225055549,,0.22,0.222167373,,0.914285714,0.203124455,,0.102467917,,0.085654814,,,,Conventional / standard,1.0,False,False,7,3,False,0.203124455,False,Gait_speed,native,,10.0,False,True,0.22505554869853797
361,108,moore2010,moore,2010,exp,238,intensive locomotor therapy up to crossover point,http://www.ncbi.nlm.nih.gov/pubmed/19910547,usa,IL,chicago,,14.5,,4.0,28.0,,50.0,15.0,390.0,>1year,1.068493151,1,,,,,,,,,,,43.0,,,,,,,,,,,,0.0,10mwt SSV,le,,speed,lohse,0.0,0.0,10,0.58,0.27,,10.0,0.63,0.3,,,,,,0.5,0.05,0.285394464,,0.27,0.17519611,,0.914285714,0.160179301,,0.101534684,,0.084874707,,,,FES / e-stim,1.0,False,False,7,3,False,0.160179301,False,Gait_speed,native,,10.0,False,True,0.2853944638566067
372,110,morone2011,morone,2011,ctrl,241,CPT for the low motricity group,http://www.ncbi.nlm.nih.gov/pubmed/21444654,italy,,rome,60.0,60.0,60.0,1.0,28.0,100.0,60.17,17.43,20.0,<90days,0.054794521,1,,>24,,,,,0,,,16.25,,,,,,,,1.67,,,,,7.0,fac,le,,,lohse,1.0,1.0,12,0.0,0.39,,12.0,1.2,0.8,,,12.0,2.05,1.15,0.5,1.2,0.629325035,2.05,0.858661749,1.906804803,2.387436032,0.930232558,1.77377191,2.220870727,0.234829357,0.320827117,0.203205501,0.277622167,,,Conventional / standard,1.0,False,False,7,3,False,1.77377191,False,Gait_FAC,native,,,False,False,0.6293250352560273
373,110,morone2011,morone,2011,exp,242,robot assisted therapy for the low motricity group,http://www.ncbi.nlm.nih.gov/pubmed/21444654,italy,,rome,60.0,60.0,60.0,1.0,28.0,102.6,55.58,9.11,16.25,<90days,0.044520548,1,,>24,,,,,0.11,,,16.08,,,,,,,,1.5,,,,,5.0,fac,le,,,lohse,1.0,1.0,12,0.11,0.39,,12.0,2.6,0.9,,,12.0,3.94,0.87,0.5,2.49,0.693577681,3.83,0.674166152,3.59008092,5.681092103,0.930232558,3.339610158,5.28473684,0.620361709,1.428116978,0.536819218,1.235796195,,,Robot-assisted,1.0,False,False,7,3,False,3.339610158,False,Gait_FAC,native,,,False,False,0.6935776813018135
374,110,morone2011,morone,2011,ctrl,243,CPT for the high motricity group,http://www.ncbi.nlm.nih.gov/pubmed/21444654,italy,,rome,60.0,60.0,60.0,1.0,28.0,86.78,62.92,9.59,20.0,<90days,0.054794521,1,,>24,,,,,0.43,,,52.25,,,,,,,,1.17,,,,,5.0,fac,le,,,lohse,1.0,1.0,12,0.43,0.91,,12.0,2.5,1.0,,,12.0,3.52,0.92,0.5,2.07,0.956059622,3.09,0.915013661,2.165136936,3.376998761,0.930232558,2.014080871,3.141394196,0.278659081,0.558505026,0.241132791,0.483292613,,,Conventional / standard,1.0,False,False,7,3,False,2.014080871,False,Gait_FAC,native,,,False,False,0.956059621571793
375,110,morone2011,morone,2011,exp,244,robot assisted therapy for the high motricity group,http://www.ncbi.nlm.nih.gov/pubmed/21444654,italy,,rome,60.0,60.0,60.0,1.0,28.0,96.33,68.33,13.35,21.92,<90days,0.060054795,1,,>24,,,,,0,,,52,,,,,,,,1.75,,,,,4.0,fac,le,,,lohse,1.0,1.0,12,0.0,0.43,,12.0,2.2,0.8,,,12.0,3.59,1.1,0.5,2.2,0.642222703,3.59,0.83513472,3.425602973,4.29870764,0.930232558,3.186607417,3.998797805,0.572281489,0.853286974,0.495213836,0.738377046,,,Robot-assisted,1.0,False,False,7,3,False,3.186607417,False,Gait_FAC,native,,,False,False,0.642222702806433
388,113,mudge2009,mudge,2009,ctrl,249,group social and educational classes,http://www.ncbi.nlm.nih.gov/pubmed/19969159,new zealand,,auckland,0.0,0.0,0.0,1.0,28.0,90.0,71.0,8.7,2117.0,>1year,5.8,0,,,,,,,,,,,,,,,,,,,,,,,2.0,10mwt SSV,le,,speed,lohse,0.0,1.0,27,0.62,0.27,,27.0,0.63,0.25,,,27.0,0.63,0.25,0.5,0.01,0.260192237,0.01,0.260192237,0.038433122,0.038433122,0.970873786,0.037313711,0.037313711,0.037064391,0.037064391,0.034936743,0.034936743,,,Other / unclassified,1.0,False,False,7,3,False,0.037313711,False,Gait_speed,native,,10.0,True,False,0.2601922366251538
389,113,mudge2009,mudge,2009,exp,250,circuit training,http://www.ncbi.nlm.nih.gov/pubmed/19969159,new zealand,,auckland,12.0,12.0,12.0,1.0,28.0,90.0,76.0,9.645,1215.45,>1year,3.33,0,,,,,,,,,,,,,,,,,,,,,,,1.0,10mwt SSV,le,,speed,lohse,0.0,1.0,31,0.76,0.3,,31.0,0.79,0.28,,,31.0,0.77,0.26,0.5,0.03,0.290172363,0.01,0.280713377,0.103386828,0.035623525,0.974789916,0.100780437,0.034725453,0.032430465,0.032278533,0.030815927,0.030671558,,,Circuit / group,1.0,False,False,7,3,False,0.100780437,False,Gait_speed,native,,10.0,True,False,0.29017236257093815
392,114,ng2007,ng,2007,ctrl,251,no treatment,http://www.ncbi.nlm.nih.gov/pubmed/17901383,china,,hong kong,0.0,0.0,0.0,1.0,28.0,56.0,57.3,8.2,1898.0,>1year,5.2,0,,,,,,,,,,,,,,,,,,,,,,,1.0,gait speed 4.6m SSV,le,,speed,lohse,0.0,0.0,20,0.63,0.25,,20.0,0.64,0.24,,,20.0,0.65,0.24,0.5,0.01,0.245051015,0.02,0.245051015,0.040807829,0.081615659,0.96,0.039175516,0.078351032,0.050041632,0.050166528,0.046118368,0.046233472,,flow of participants through the study is not clear,No treatment / control,1.0,False,False,7,3,False,0.039175516,False,Gait_speed,native,,4.6,True,False,0.24505101509685692
393,114,ng2007,ng,2007,exp,252,functional electrical stimulation,http://www.ncbi.nlm.nih.gov/pubmed/17901383,china,,hong kong,0.0,0.0,0.0,1.0,28.0,56.0,56.4,9.3,2263.0,>1year,6.2,0,,,,,,,,,,,,,,,,,,,,,,,2.0,gait speed 4.6m SSV,le,,speed,lohse,0.0,0.0,19,0.55,0.26,,19.0,0.63,0.28,,,19.0,0.59,0.27,0.5,0.08,0.270185122,0.04,0.265047166,0.296093284,0.150916536,0.957746479,0.2835823,0.144539781,0.054938717,0.053230942,0.050394094,0.048827589,,flow of participants through the study is not clear,FES / e-stim,1.0,False,False,7,3,False,0.2835823,False,Gait_speed,native,,4.6,True,False,0.27018512172212594
394,114,ng2007,ng,2007,exp,253,functional electrical stim + task relevant training,http://www.ncbi.nlm.nih.gov/pubmed/17901383,china,,hong kong,20.0,20.0,20.0,1.0,28.0,56.0,58.4,9.3,1825.0,>1year,5.0,0,,,,,,,,,,,,,,,,,,,,,,,1.0,gait speed 4.6m SSV,le,,speed,lohse,0.0,0.0,21,0.51,0.28,,21.0,0.68,0.34,,,21.0,0.72,0.34,0.5,0.17,0.31144823,0.21,0.31144823,0.545837104,0.674269364,0.962025316,0.525109113,0.648664198,0.054712813,0.05844379,0.05063631,0.054089301,,flow of participants through the study is not clear,FES / e-stim,1.0,False,False,7,3,False,0.525109113,False,Gait_speed,native,,4.6,True,False,0.31144823004794875
395,114,ng2007,ng,2007,exp,254,placebo stim + task relevant therapy,http://www.ncbi.nlm.nih.gov/pubmed/17901383,china,,hong kong,20.0,20.0,20.0,1.0,28.0,56.0,57.1,8.2,1715.5,>1year,4.7,0,,,,,,,,,,,,,,,,,,,,,,,2.0,gait speed 4.6m SSV,le,,speed,lohse,0.0,0.0,20,0.49,0.25,,20.0,0.58,0.3,,,20.0,0.58,0.29,0.5,0.09,0.276134025,0.09,0.270739727,0.325928686,0.332422585,0.96,0.312891538,0.319125681,0.052655738,0.052762619,0.048527528,0.04862603,,flow of participants through the study is not clear,No treatment / control,1.0,False,False,7,3,False,0.312891538,False,Gait_speed,native,,4.6,True,False,0.2761340254296815
396,115,ng2008,ng,2008,ctrl,255,conventional overground gait training,http://stroke.ahajournals.org/content/39/1/154.short,china,,hong kong,50.0,50.0,50.0,1.0,28.0,180.0,73.4,11.5,17.5,<90days,0.047945205,1,,>21,,,,,<3,,,,,,,,,,,,,,,,0.0,fim,,,,lohse,0.0,1.0,21,78.6,8.9,,21.0,98.2,14.3,,,21.0,102.5,16.5,0.5,19.6,11.91007976,23.9,13.25631925,1.645664881,1.802913731,0.962025316,1.583171278,1.734448653,0.112100307,0.125011855,0.103748017,0.115697561,,,Overground / gait training,1.0,False,False,7,2,False,1.583171278,False,FIM_Total,native,,,False,False,11.91007976463634
397,115,ng2008,ng,2008,exp,256,electromechanical gait training,http://stroke.ahajournals.org/content/39/1/154.short,china,,hong kong,50.0,50.0,50.0,1.0,28.0,180.0,66.6,11.3,18.9,<90days,0.051780822,1,,>21,,,,,<3,,,,,,,,,,,,,,,,0.0,fim,,,,lohse,0.0,1.0,17,78.6,12.0,,17.0,103.2,17.6,,,17.0,107.2,15.1,0.5,24.6,15.06253631,28.6,13.638365,1.633191084,2.097025559,0.952380952,1.55542008,1.997167199,0.137273915,0.188162241,0.124511488,0.170668699,,,Overground / gait training,1.0,False,False,7,2,False,1.55542008,False,FIM_Total,native,,,False,False,15.062536307010186
398,115,ng2008,ng,2008,exp,257,electromechanical gait training + FES,http://stroke.ahajournals.org/content/39/1/154.short,china,,hong kong,50.0,50.0,50.0,1.0,28.0,180.0,62.0,10.0,16.1,<90days,0.044109589,1,,>21,,,,,<3,,,,,,,,,,,,,,,,0.0,fim,,,,lohse,0.0,1.0,16,65.0,16.8,,16.0,86.4,20.5,,,16.0,94.0,20.2,0.5,21.4,18.74153142,29.0,18.57794391,1.141849058,1.560990825,0.949152542,1.083788936,1.48161841,0.103244352,0.138646636,0.093011861,0.124905444,,,FES / e-stim,1.0,False,False,7,2,False,1.083788936,False,FIM_Total,native,,,False,False,18.741531420884474
402,116,nilsson2001,nilsson,2001,ctrl,258,overground walking training,http://www.ncbi.nlm.nih.gov/pubmed/11594641,sweden,,gothenburg,47.14,47.14,47.14,1.0,66.0,280.0,56.0,12.1,17.0,<90days,0.046575342,1,8.0,,,,,,0,,,,23.3,,,,,,,,,,,,1.0,fim,,,,lohse,0.0,0.0,37,56.1,18.0,1.0,36.0,76.9,19.782,1.0,0.0,32.0,81.9,,0.5,20.8,18.0,25.8,18.0,1.155555556,1.433333333,0.979020979,1.131313131,1.403263403,0.045071738,0.05478979,0.043200453,0.052515032,,,Overground / gait training,1.0,False,False,6,2,True,1.131313131,False,FIM_Total,native,,,False,False,18.91200047588832
403,116,nilsson2001,nilsson,2001,exp,259,body-weight supported treadmill training,http://www.ncbi.nlm.nih.gov/pubmed/11594641,sweden,,gothenburg,48.57,48.57,48.57,1.0,68.0,180.0,54.0,12.4,22.0,<90days,0.060273973,1,9.5,,,,,,0,,,,23.9,,,,,,,,,,,,3.0,fim,,,,lohse,0.0,0.0,36,53.7,17.7,1.0,33.0,78.8,19.452299999999997,1.0,0.0,28.0,80.3,,0.5,25.1,17.7,26.6,17.7,1.418079096,1.502824859,0.978417266,1.387473072,1.47038979,0.055707616,0.059145591,0.05332892,0.056620095,,,Treadmill / BWSTT,1.0,False,False,6,2,True,1.387473072,False,FIM_Total,native,,,False,False,18.596800467956847
410,118,olawale2011,olawale,2011,ctrl,262,conventional physiotherapy,http://www.ncbi.nlm.nih.gov/pubmed/21427155,nigeria,,lagos,36.0,36.0,36.0,1.0,84.0,,57.2,5.9,309.0,<1year,0.846575342,0,,,,,,,,,,,,,,,,,,,,,,,3.0,10mwt SSV,le,,speed,lohse,1.0,0.0,20,26.39,11.9,,20.0,24.65,10.49,,,,,,0.5,-1.74,11.21717656,,11.9,0.155119249,,0.96,0.148914479,,0.05060155,,0.046634388,,,sign reversed for time measure,Conventional / standard,1.0,False,False,7,3,False,0.148914479,False,Gait_speed,time,,10.0,False,False,11.217176560971126
411,118,olawale2011,olawale,2011,exp,263,CPT + treadmill training,http://www.ncbi.nlm.nih.gov/pubmed/21427155,nigeria,,lagos,51.0,51.0,51.0,1.0,84.0,,56.8,6.4,306.0,<1year,0.838356164,0,,,,,,,,,,,,,,,,,,,,,,,2.0,10mwt SSV,le,,speed,lohse,1.0,0.0,20,30.56,10.73,,20.0,23.83,11.08,,,,,,0.5,-6.73,10.90640408,,10.73,0.617068646,,0.96,0.5923859,,0.059519343,,0.054853026,,,sign reversed for time measure,Treadmill / BWSTT,1.0,False,False,7,3,False,0.5923859,False,Gait_speed,time,,10.0,False,False,10.906404082006132
412,118,olawale2011,olawale,2011,exp,264,CPT + overground walking,http://www.ncbi.nlm.nih.gov/pubmed/21427155,nigeria,,lagos,51.0,51.0,51.0,1.0,84.0,,56.8,8.3,321.0,<1year,0.879452055,0,,,,,,,,,,,,,,,,,,,,,,,2.0,10mwt SSV,le,,speed,lohse,1.0,0.0,20,29.3,10.6,,20.0,20.03,8.38,,,,,,0.5,-9.27,9.554695181,,10.6,0.970203635,,0.96,0.93139549,,0.073532377,,0.067767439,,,sign reversed for time measure,Overground / gait training,1.0,False,False,7,3,False,0.93139549,False,Gait_speed,time,,10.0,False,False,9.554695180904517
424,121,outermans2010,outermans,2010,ctrl,269,low intensity physiotherapy program,http://www.ncbi.nlm.nih.gov/pubmed/20719820,netherlands,,utrecht,9.0,9.0,9.0,1.0,28.0,,56.3,8.6,23.5,<90days,0.064383562,0,,,,,,,,,,,53.2,,,,,,,,,,,,6.0,10mwt,le,,speed,lohse,0.0,1.0,21,1.4,0.5,,21.0,1.4,0.4,,,,,,0.5,0.0,0.452769257,,0.5,0.0,,0.962025316,0.0,,0.047619048,,0.044071081,,,,FES / e-stim,1.0,False,False,7,3,False,0.0,False,Gait_speed,native,,10.0,False,False,0.45276925690687087
425,121,outermans2010,outermans,2010,exp,270,time matched high intensity physiotherapy,http://www.ncbi.nlm.nih.gov/pubmed/20719820,netherlands,,utrecht,9.0,9.0,9.0,1.0,28.0,,56.8,8.6,22.5,<90days,0.061643836,0,,,,,,,,,,,53.0,,,,,,,,,,,,6.0,10mwt,le,,speed,lohse,0.0,1.0,22,1.5,0.5,,22.0,1.7,0.5,,,,,,0.5,0.2,0.5,,0.5,0.4,,0.963855422,0.385542169,,0.049090909,,0.045606303,,,,FES / e-stim,1.0,False,False,7,3,False,0.385542169,False,Gait_speed,native,,10.0,False,False,0.5
446,128,park2011,park,2011,ctrl,285,routine physical therapy,http://www.ncbi.nlm.nih.gov/pubmed/21245205,south korea,,daejeon,20.0,20.0,20.0,1.0,28.0,,56.9,7.79,860.1,>1year,2.356438356,1,,>25,,,,,,,,,,,,,,,,,,,,,1.0,10mwt,le,,speed,lohse,0.0,0.0,13,0.45,0.19,,12.0,0.5,0.23,,,,,,0.5,0.05,0.210082799,,0.19,0.238001398,,0.936170213,0.22280982,,0.079101718,,0.069325906,,,,Conventional / standard,1.0,False,False,7,3,False,0.22280982,False,Gait_speed,native,,10.0,False,False,0.21095023109728986
447,128,park2011,park,2011,exp,286,routine PT + community ambulation training,http://www.ncbi.nlm.nih.gov/pubmed/21245205,south korea,,daejeon,32.0,32.0,32.0,1.0,28.0,,59.4,8.46,843.0,>1year,2.309589041,1,,>25,,,,,,,,,,,,,,,,,,,,,1.0,10mwt,le,,speed,lohse,0.0,0.0,14,0.51,0.18,,13.0,0.72,0.24,,,,,,0.5,0.21,0.21094075,,0.18,0.995540217,,0.941176471,0.936979028,,0.106825012,,0.094627,,,,Other / unclassified,1.0,False,False,7,3,False,0.936979028,False,Gait_speed,native,,10.0,False,False,0.21213203435596426
472,134,peurala2005,peurala,2005,ctrl,301,overground walking + CPT,http://www.ncbi.nlm.nih.gov/pubmed/16084808,finland,,kuopio,20.4,20.4,20.4,3.0,21.0,,52.3,6.8,1460.0,>1year,4.0,1,,,,,,,4.13,,,,,,,,,,,,,,,,0.0,10mwt MAX,le,,speed,lohse,0.0,0.0,15,39.5,25.5,,15.0,32.1,15.9,,,14.0,,,0.5,-7.4,21.24923528,,25.5,0.348247826,,0.945454545,0.32925249,,0.070709218,,0.06320586,,,sign reversed for time measure,Overground / gait training,1.0,False,False,7,3,False,0.32925249,False,Gait_speed,time,,10.0,False,False,21.249235280357738
473,134,peurala2005,peurala,2005,exp,302,BWS gait training + CPT,http://www.ncbi.nlm.nih.gov/pubmed/16084808,finland,,kuopio,20.4,20.4,20.4,3.0,21.0,,51.2,7.9,876.0,>1year,2.4,1,,,,,,,4,,,,,,,,,,,,,,,,0.0,10mwt MAX,le,,speed,lohse,0.0,0.0,15,39.6,35.4,,15.0,30.3,23.6,,,14.0,,,0.5,-9.3,30.08421513,,35.4,0.309132213,,0.945454545,0.292270456,,0.069852091,,0.062439687,,,sign reversed for time measure,Overground / gait training,1.0,False,False,7,3,False,0.292270456,False,Gait_speed,time,,10.0,False,False,30.08421513019743
474,134,peurala2005,peurala,2005,exp,303,BWS gait training with stimulation + CPT,http://www.ncbi.nlm.nih.gov/pubmed/16084808,finland,,kuopio,20.4,20.4,20.4,3.0,21.0,,53.3,8.9,949.0,>1year,2.6,1,,,,,,,4.1,,,,,,,,,,,,,,,,0.0,10mwt MAX,le,,speed,lohse,0.0,0.0,15,44.0,36.2,,15.0,35.9,29.9,,,15.0,,,0.5,-8.1,33.1997741,,36.2,0.243977564,,0.945454545,0.230669697,,0.068650835,,0.061365903,,,sign reversed for time measure,FES / e-stim,1.0,False,False,7,3,False,0.230669697,False,Gait_speed,time,,10.0,False,False,33.19977409561698
478,135,piron2007,piron,2007,ctrl,304,CPT,http://ieeexplore.ieee.org/xpls/abs_all.jsp?arnumber=4362151&tag=1,italy,,venice,30.0,30.0,30.0,1.0,42.0,,61.2,6.6,78.0,<90days,0.21369863,1,,,,,,,,,,,,,,,,,,,,,,,,fim,,,,lohse,1.0,0.0,13,88.2,30.0,,13.0,95.9,28.3,,,,,,0.5,7.7,29.16239016,,30.0,0.264038714,,0.936170213,0.247185179,,0.079604479,,0.069766533,,,,Conventional / standard,1.0,False,False,7,2,False,0.247185179,False,FIM_Total,native,,,False,False,29.162390162673564
479,135,piron2007,piron,2007,exp,305,reinforcing practice in a virtual environment + CPT,http://ieeexplore.ieee.org/xpls/abs_all.jsp?arnumber=4362151&tag=1,italy,,venice,30.0,30.0,30.0,1.0,42.0,,61.5,9.4,75.0,<90days,0.205479452,1,,,,,,,,,,,,,,,,,,,,,,,,fim,,,,lohse,1.0,0.0,25,93.4,28.6,,15.0,110.2,13.9,,,,,,0.5,16.8,24.24435908,,28.6,0.692944695,,0.968421053,0.671062231,,0.049603447,,0.046520064,,,,Conventional / standard,1.0,False,False,7,2,False,0.671062231,False,FIM_Total,native,,,False,False,22.48521736608299
492,140,pohl2002,pohl,2002,ctrl,316,conventional gait training,http://www.ncbi.nlm.nih.gov/pubmed/11823669,germany,,kreischa,15.0,15.0,15.0,1.0,28.0,,61.6,8.100000000000001,112.7,<1year,0.308767123,1,,<26,,,,,>3,,,,,,,,,,0.1,,,,,,0.0,10mwt SSV,le,,speed,lohse,0.0,0.0,20,0.66,0.42,,20.0,0.97,0.64,,,20.0,,,0.5,0.31,0.541294744,,0.42,0.572700924,,0.96,0.549792887,,0.058199659,,0.053636805,,,,Overground / gait training,1.0,False,False,7,3,False,0.549792887,False,Gait_speed,native,,10.0,True,False,0.5412947441089743
493,140,pohl2002,pohl,2002,exp,317,structured speed dependent treadmill training,http://www.ncbi.nlm.nih.gov/pubmed/11823669,germany,,kreischa,12.0,12.0,12.0,1.0,28.0,,58.2,10.125,113.4,<1year,0.310684932,1,,<26,,,,,>3,,,,,,,,,,0.3,,,,,,0.0,10mwt SSV,le,,speed,lohse,0.0,0.0,20,0.61,0.32,,20.0,1.63,0.8,,,20.0,,,0.5,1.02,0.609261848,,0.32,1.674157019,,0.96,1.607190738,,0.120070043,,0.110656552,,,,Treadmill / BWSTT,1.0,False,False,7,3,False,1.607190738,False,Gait_speed,native,,10.0,True,False,0.6092618484691127
494,140,pohl2002,pohl,2002,exp,318,limited progressive treadmill training,http://www.ncbi.nlm.nih.gov/pubmed/11823669,germany,,kreischa,12.0,12.0,12.0,1.0,28.0,,57.1,10.125,117.6,<1year,0.322191781,1,,<26,,,,,>3,,,,,,,,,,0.1,,,,,,0.0,10mwt SSV,le,,speed,lohse,0.0,0.0,20,0.66,0.39,,20.0,1.22,0.74,,,20.0,,,0.5,0.56,0.591481192,,0.39,0.946775668,,0.96,0.908904641,,0.072409604,,0.066732691,,,,Treadmill / BWSTT,1.0,False,False,7,3,False,0.908904641,False,Gait_speed,native,,10.0,True,False,0.5914811915860047
495,141,pohl2007,pohl,2007,ctrl,319,physiotherapy every week day,http://www.ncbi.nlm.nih.gov/pubmed/17213237,germany,,berlin,11.3,11.3,11.3,4.0,28.0,208.0,64.0,11.6,31.5,<90days,0.08630137,1,,,,,,,1.19,36.8,,,,,,,,,,,,,,,6.0,fac,le,,,lohse,1.0,1.0,78,1.2,1.1,,72.0,2.1,1.5,,,64.0,2.6,1.8,0.5,0.9,1.307256256,1.4,1.457223387,0.688464864,0.960731218,0.990228013,0.681737194,0.951342965,0.015858871,0.018737208,0.01555044,0.018372798,,,Other / unclassified,1.0,False,False,7,3,False,0.681737194,False,Gait_FAC,native,,,False,False,1.3152946437965904
496,141,pohl2007,pohl,2007,exp,320,mixed pure locomotor training with physiotherapy,http://www.ncbi.nlm.nih.gov/pubmed/17213237,germany,,berlin,13.5,13.5,13.5,4.0,28.0,208.0,62.3,12.0,29.4,<90days,0.080547945,1,,,,,,,0.99,37.9,,,,,,,,,,,,,,,5.0,fac,le,,,lohse,1.0,1.0,77,0.99,0.88,,72.0,3.2,1.4,,,64.0,3.8,1.7,0.5,2.21,1.160619117,2.81,1.316536769,1.904156125,2.134387786,0.99009901,1.885303094,2.113255234,0.036531237,0.042568904,0.035811428,0.041730128,,,Overground / gait training,1.0,False,False,7,3,False,1.885303094,False,Gait_FAC,native,,,False,False,1.1692732785794773
517,145,ribeiro2013,ribeiro,2013,exp,330,"PNF therapy, no other gait therapies given",http://www.ncbi.nlm.nih.gov/pubmed/23172402,brasil,,natal,6.0,6.0,6.0,1.0,28.0,,58.33,8.94,593.1,>1year,1.624931507,1,6.44,,,68,,,3.22,,,,,,,,,,,1.33,,,,,2.0,10mwt,le,,speed,USU,0.0,0.0,9,0.4,0.1,0.0,9.0,0.4,0.1,,,,,,0.5,0.0,0.1,,0.1,0.0,,0.903225806,0.0,,0.111111111,,0.090646317,,,,Other / unclassified,1.0,False,False,7,3,False,0.0,False,Gait_speed,native,,10.0,False,False,0.1
518,145,ribeiro2013,ribeiro,2013,exp,331,body weight supported treadmill training,http://www.ncbi.nlm.nih.gov/pubmed/23172402,brasil,,natal,6.0,6.0,6.0,1.0,28.0,,56.45,8.31,1000.8,>1year,2.741917808,1,4.72,,,68.3,,,3.72,,,,,,,,,,,1.36,,,,,1.0,10mwt,le,,speed,USU,0.0,0.0,11,0.5,0.2,0.0,11.0,0.5,0.2,,,,,,0.5,0.0,0.2,,0.2,0.0,,0.923076923,0.0,,0.090909091,,0.077461001,,,,Treadmill / BWSTT,1.0,False,False,7,3,False,0.0,False,Gait_speed,native,,10.0,False,False,0.2
521,147,richards2004,richards,2004,exp,334,treadmill training and isokinetic exercise,http://www.ncbi.nlm.nih.gov/pubmed/15537991,canada,quebec,quebec city,39.1,39.1,39.1,2.0,56.0,,62.9,12.0,52.0,<90days,0.142465753,1,,,,,,,,,,,,,,,,,,,,,,,2.0,gait speed SSV,le,,speed,lohse,1.0,1.0,32,52.77,33.25,,32.0,26.51,14.22,,,32.0,62.17,34.94,0.5,26.26,25.57118398,35.66,26.67406981,1.026937197,1.336878859,0.975609756,-1.001889948,1.304272057,0.047728125,0.059175704,0.045428317,0.056324287,,,Treadmill / BWSTT,1.0,False,True,7,3,False,-1.001889948,False,Gait_speed,time,,10.0,False,False,25.571183977281926
522,147,richards2004,richards,2004,ctrl,335,CPT,http://www.ncbi.nlm.nih.gov/pubmed/15537991,canada,quebec,quebec city,44.9,44.9,44.9,2.0,56.0,,60.7,12.0,52.6,<90days,0.144109589,1,,,,,,,,,,,,,,,,,,,,,,,1.0,gait speed SSV,le,,speed,lohse,1.0,1.0,31,56.14,36.63,,31.0,24.34,12.29,,,31.0,67.71,33.73,0.5,31.8,27.32033126,43.37,25.38461148,1.163968317,1.708515414,0.974789916,-1.134624578,1.665443597,0.054110036,0.079339112,0.051416189,0.075389244,,,Conventional / standard,1.0,False,True,7,3,False,-1.134624578,False,Gait_speed,time,,10.0,False,False,27.32033125714255
562,155,schauer2003,schauer,2003,ctrl,351,conventional gait therapy,http://www.ncbi.nlm.nih.gov/pubmed/14606736,germany,,berlin,16.25,16.25,16.25,1.0,21.0,,61.0,10.4,67.0,<90days,0.183561644,0,,,,,,,,,,,,,,,,,,,,,,,0.0,gait speed,le,,speed,lohse,0.0,0.0,12,0.77,0.3,,12.0,0.8,0.35,,,,,,0.5,0.03,0.32596012,,0.3,0.092035799,,0.930232558,0.085614696,,0.083686275,,0.072416463,,,,Conventional / standard,1.0,False,False,7,3,False,0.085614696,False,Gait_speed,native,,10.0,True,False,0.32596012026013244
563,155,schauer2003,schauer,2003,exp,352,musical motor therapy,http://www.ncbi.nlm.nih.gov/pubmed/14606736,germany,,berlin,16.25,16.25,16.25,1.0,21.0,,59.0,8.7,53.0,<90days,0.145205479,0,,,,,,,,,,,,,,,,,,,,,,,0.0,gait speed,le,,speed,lohse,0.0,0.0,11,0.64,0.3,,11.0,0.81,0.29,,,,,,0.5,0.17,0.29504237,,0.3,0.57618843,,0.923076923,0.531866244,,0.105999687,,0.09031926,,,,Other / unclassified,1.0,False,False,7,3,False,0.531866244,False,Gait_speed,native,,10.0,True,False,0.2950423698386386
566,157,schwartz2009,schwartz,2009,ctrl,355,regular physiotherapy,http://www.ncbi.nlm.nih.gov/pubmed/19627940,israel,,jerusalem,20.0,20.0,20.0,2.0,42.0,,62.0,7.5,21.6,<90days,0.059178082,1,10.5,,,,,,,,,,,,,,,,,,,,,,3.0,FIM motor,,,,lohse,0.0,1.0,30,42.8,11.0,,30.0,60.3,14.8,,,,,,0.5,17.5,13.03917175,,11.0,1.342109785,,0.973913043,1.307098226,,0.063354311,,0.060091983,,,,Other / unclassified,1.0,False,False,7,1,False,1.307098226,False,FIM_Motor,native,,,False,False,13.039171752837678
567,157,schwartz2009,schwartz,2009,exp,356,robot assisted gait training,http://www.ncbi.nlm.nih.gov/pubmed/19627940,israel,,jerusalem,20.0,20.0,20.0,2.0,42.0,,65.0,8.5,23.6,<90days,0.064657534,1,10.4,,,,,,,,,,,,,,,,,,,,,,8.0,FIM motor,,,,lohse,0.0,1.0,37,44.1,13.1,,37.0,66.9,15.6,,,,,,0.5,22.8,14.40433962,,13.1,1.582856319,,0.979020979,1.549649543,,0.060884245,,0.058356458,,,,Robot-assisted,1.0,False,False,7,1,False,1.549649543,False,FIM_Motor,native,,,False,False,14.404339623877243
580,159,shin2010,shin,2010,ctrl,360,no specified physical therapy,http://www.koreascience.or.kr/article/ArticleFullRecord.jsp?cn=SHGSCZ_2010_v11n1_368,south korea,,asan,0.0,0.0,0.0,1.0,42.0,,60.69,9.23,2145.0,>1year,5.876712329,1,,24.19,,,,,,,,,,,,,,,,,,,,,0.0,10mwt,le,,speed,lohse,0.0,0.0,16,0.87,0.19,,16.0,0.88,0.19,,,,,,0.5,0.01,0.19,,0.19,0.052631579,,0.949152542,0.049955397,,0.062586565,,0.056383645,,,,Conventional / standard,1.0,False,False,7,3,False,0.049955397,False,Gait_speed,native,,10.0,False,False,0.19
581,159,shin2010,shin,2010,exp,361,game-based therapy using PS2 eyetoy,http://www.koreascience.or.kr/article/ArticleFullRecord.jsp?cn=SHGSCZ_2010_v11n1_368,south korea,,asan,18.0,18.0,18.0,1.0,42.0,,60.75,7.53,2075.7,>1year,5.686849315,1,,25.06,,,,,,,,,,,,,,,,,,,,,0.0,10mwt,le,,speed,lohse,0.0,0.0,16,0.86,0.32,,16.0,1.1,0.34,,,,,,0.5,0.24,0.33015148,,0.32,0.726939039,,0.949152542,0.689976037,,0.079013761,,0.071182751,,,,Other / unclassified,1.0,False,False,7,3,False,0.689976037,False,Gait_speed,native,,10.0,False,False,0.3301514803843836
599,166,sullivan2002,sullivan,2002,exp,375,BWSTT at slow speed,http://www.ncbi.nlm.nih.gov/pubmed/11994808,usa,CA,los angeles,4.0,4.0,4.0,3.0,28.0,118.0,70.9,10.125,675.0,>1year,1.849315068,0,,27,,,,,,,,,,,,,,,,,,,,,0.0,10mwt SSV,le,,speed,lohse,1.0,0.0,8,0.53,0.29,,8.0,0.59,0.36,,,8.0,0.69,0.45,0.5,0.06,0.326879183,0.16,0.378549865,0.183554057,0.422665585,0.888888889,0.163159161,0.375702742,0.127105756,0.136165387,0.100429239,0.107587467,,,Treadmill / BWSTT,1.0,False,False,7,3,False,0.163159161,False,Gait_speed,native,,10.0,True,False,0.3268791825736231
600,166,sullivan2002,sullivan,2002,exp,376,BWSTT at high speed,http://www.ncbi.nlm.nih.gov/pubmed/11994808,usa,CA,los angeles,4.0,4.0,4.0,3.0,28.0,118.0,64.4,10.125,816.0,>1year,2.235616438,0,,27,,,,,,,,,,,,,,,,,,,,,0.0,10mwt SSV,le,,speed,lohse,1.0,0.0,8,0.57,0.26,,8.0,0.72,0.34,,,8.0,0.78,0.42,0.5,0.15,0.302654919,0.21,0.349284984,0.49561395,0.601228251,0.888888889,0.440545734,0.534425112,0.140352074,0.147592213,0.110895466,0.11661607,,,Treadmill / BWSTT,1.0,False,False,7,3,False,0.440545734,False,Gait_speed,native,,10.0,True,False,0.30265491900843117
601,166,sullivan2002,sullivan,2002,exp,377,BWSTT at variable speed,http://www.ncbi.nlm.nih.gov/pubmed/11994808,usa,CA,los angeles,4.0,4.0,4.0,3.0,28.0,118.0,66.5,10.125,828.0,>1year,2.268493151,0,,28.7,,,,,,,,,,,,,,,,,,,,,0.0,10mwt SSV,le,,speed,lohse,1.0,0.0,8,0.52,0.31,,8.0,0.59,0.34,,,8.0,0.63,0.4,0.5,0.07,0.32534597,0.11,0.357840747,0.215155578,0.307399314,0.888888889,0.191249402,0.273243835,0.127893245,0.130905896,0.101051453,0.103431819,,,Treadmill / BWSTT,1.0,False,False,7,3,False,0.191249402,False,Gait_speed,native,,10.0,True,False,0.32534596969994883
602,167,sullivan2007,sullivan,2007,exp,378,BWSTT with upper extremity ergometry,http://www.ncbi.nlm.nih.gov/pubmed/17895349,usa,CA,los angeles,24.0,24.0,24.0,1.0,42.0,222.0,60.6,13.7,825.0,>1year,2.260273973,1,,,,,,,,,,,42.1,,,,,,,,,,,,1.0,10mwt SSV,le,,speed,lohse,1.0,1.0,20,0.5,0.23,,19.0,0.63,0.32,,,19.0,0.65,0.33,0.5,0.13,0.277454647,0.15,0.28309582,0.468545045,0.529855934,0.96,0.449803243,0.508661696,0.055488361,0.057018683,0.051138074,0.052548418,,,Treadmill / BWSTT,1.0,False,False,7,3,False,0.449803243,False,Gait_speed,native,,10.0,False,False,0.27865749586185545
603,167,sullivan2007,sullivan,2007,exp,379,cycling with upper extremity ergomety,http://www.ncbi.nlm.nih.gov/pubmed/17895349,usa,CA,los angeles,24.0,24.0,24.0,1.0,42.0,222.0,63.4,8.6,852.0,>1year,2.334246575,1,,,,,,,,,,,42.6,,,,,,,,,,,,2.0,10mwt SSV,le,,speed,lohse,1.0,1.0,20,0.43,0.25,,18.0,0.44,0.28,,,14.0,0.43,0.26,0.5,0.01,0.264590879,0.0,0.254109966,0.037794198,0.0,0.96,0.03628243,0.0,0.05003571,0.05,0.04611291,0.04608,,,Aerobic / fitness,1.0,False,False,7,3,False,0.03628243,False,Gait_speed,native,,10.0,False,False,0.26542418879974
604,167,sullivan2007,sullivan,2007,exp,380,BWSTT with cycling,http://www.ncbi.nlm.nih.gov/pubmed/17895349,usa,CA,los angeles,24.0,24.0,24.0,1.0,42.0,222.0,58.2,15.2,693.0,>1year,1.898630137,1,,,,,,,,,,,45.2,,,,,,,,,,,,2.0,10mwt SSV,le,,speed,lohse,1.0,1.0,20,0.54,0.28,,18.0,0.63,0.33,,,16.0,0.64,0.32,0.5,0.09,0.304635483,0.1,0.298308959,0.295435052,0.335222918,0.96,0.28361765,0.321814002,0.052182047,0.05280936,0.048090974,0.048669106,,,Treadmill / BWSTT,1.0,False,False,7,3,False,0.28361765,False,Gait_speed,native,,10.0,False,False,0.30602287496198716
605,167,sullivan2007,sullivan,2007,exp,381,BWSTT with progessive lower extremity resistance training,http://www.ncbi.nlm.nih.gov/pubmed/17895349,usa,CA,los angeles,24.0,24.0,24.0,1.0,42.0,222.0,61.4,11.2,621.0,>1year,1.701369863,1,,,,,,,,,,,40.4,,,,,,,,,,,,4.0,10mwt SSV,le,,speed,lohse,1.0,1.0,20,0.57,0.35,,16.0,0.67,0.37,,,14.0,0.77,0.3,0.5,0.1,0.358960919,0.2,0.330600779,0.278581859,0.604959252,0.96,0.267438585,0.580760882,0.051940196,0.059149392,0.047868085,0.05451208,,,Treadmill / BWSTT,1.0,False,False,7,3,False,0.267438585,False,Gait_speed,native,,10.0,False,False,0.3601388621073821
618,169,sungkarat2011,sungkarat,2011,ctrl,386,conventional programme of gait retraining,http://www.ncbi.nlm.nih.gov/pubmed/21148267,thailand,,chiang mai,15.0,15.0,15.0,1.0,21.0,,53.83,11.18,141.0,<1year,0.38630137,0,,,,,,,,,,,,,,,,,,,,,,3.44,2.0,gait speed,le,,speed,lohse,1.0,0.0,18,22.24,9.1,,18.0,26.3,8.5,,,,,,0.5,4.06,8.805112151,,9.1,0.461095774,,0.955223881,0.440449694,,0.06146137,,0.05608059,,,,Conventional / standard,1.0,False,False,7,3,False,0.440449694,False,Gait_speed,time,,10.0,False,False,8.805112151472008
619,169,sungkarat2011,sungkarat,2011,exp,387,gait training with a sensored insole and augmented feedback,http://www.ncbi.nlm.nih.gov/pubmed/21148267,thailand,,chiang mai,15.0,15.0,15.0,1.0,21.0,,52.112,7.17,118.2,<1year,0.323835616,0,,,,,,,,,,,,,,,,,,,,,,3.55,3.0,gait speed,le,,speed,lohse,1.0,0.0,17,23.52,10.8,,17.0,35.09,13.6,,,,,,0.5,11.57,12.28006515,,10.8,0.942177412,,0.952380952,0.897311821,,0.084932302,,0.077036102,,,,Overground / gait training,1.0,False,False,7,3,False,0.897311821,False,Gait_speed,time,,10.0,False,False,12.280065146407
624,171,tanaka2012,tanaka,2012,ctrl,390,no therapy,http://www.ncbi.nlm.nih.gov/pubmed/22275464,japan,,tsukuba,0.0,0.0,0.0,1.0,28.0,56.0,60.0,8.5,1962.0,>1year,5.375342466,1,,>23,,78.2,,,,,,,,,,,,,,,,,,,0.0,gait speed,le,,speed,lohse,0.0,0.0,5,0.86,0.16,,5.0,0.88,0.16,,,,,,0.5,0.02,0.16,,0.16,0.125,,0.8,0.1,,0.2015625,,0.129,,Yes,,No treatment / control,1.0,False,False,7,3,False,0.1,False,Gait_speed,native,,10.0,False,False,0.16
625,171,tanaka2012,tanaka,2012,exp,391,GaitMaster 4,http://www.ncbi.nlm.nih.gov/pubmed/22275464,japan,,tsukuba,4.0,4.0,4.0,1.0,28.0,56.0,63.0,10.0,1662.0,>1year,4.553424658,1,,>23,,79.9,,,,,,,,,,,,,,,,,,,0.0,gait speed,le,,speed,lohse,0.0,0.0,7,0.75,0.42,,7.0,0.85,0.45,,,,,,0.5,0.1,0.435258544,,0.42,0.229748506,,0.869565217,0.199781309,,0.146627455,,0.110871422,,Yes,,Other / unclassified,1.0,False,False,7,3,False,0.199781309,False,Gait_speed,native,,10.0,False,False,0.4352585438564073
666,184,verma2011,verma,2011,ctrl,418,standard therapy group,http://www.ncbi.nlm.nih.gov/pubmed/22120031,india,,lucknow,8.12,8.12,8.12,1.0,14.0,42.0,55.07,6.8,46.2,<90days,0.126575342,1,4.6,26.67,,,,,,,,,,,,,,,,,,,,,0.0,10mwt,le,,speed,USU,0.0,1.0,15,0.35,0.14,0.0,15.0,0.43,0.14,0.0,0.0,15.0,0.45,0.15,0.5,0.08,0.14,0.1,0.145086181,0.571428571,0.689245517,0.945454545,0.54025974,0.651650307,0.07755102,0.082501979,0.069321639,0.073747224,,,Conventional / standard,1.0,False,False,7,3,False,0.54025974,False,Gait_speed,native,,10.0,False,False,0.14
667,184,verma2011,verma,2011,exp,419,task oriented circuit training,http://www.ncbi.nlm.nih.gov/pubmed/22120031,india,,lucknow,8.12,8.12,8.12,1.0,14.0,42.0,53.27,8.53,42.49,<90days,0.116410959,1,5.47,26.87,,,,,,,,,,,,,,,,,,,,,0.0,10mwt,le,,speed,USU,0.0,1.0,15,0.41,0.08,0.0,15.0,0.58,0.14,0.0,0.0,15.0,0.62,0.14,0.5,0.17,0.114017543,0.21,0.114017543,1.490998633,1.841821841,0.945454545,1.409671435,1.741358831,0.140769231,0.17974359,0.125831405,0.160669972,,,Task-specific / repetitive,1.0,False,False,7,3,False,1.409671435,False,Gait_speed,native,,10.0,False,False,0.1140175425099138
678,187,wade1992,wade,1992,ctrl,424,delayed physiotherapy,http://www.ncbi.nlm.nih.gov/pmc/articles/PMC1881332/,uk,,oxford,0.0,0.0,0.0,1.0,,,72.0,8.7,1788.0,>1year,4.898630137,0,,,,,,,4,,,,,,,,,,,,,,,,4.0,10mwt,le,,speed,lohse,0.0,0.0,43,44.3,37.2,,39.0,47.9,38.6,,,,,,0.5,3.6,37.87145363,,37.2,-0.095058406,,0.982035928,-0.09335077,,0.023360885,,0.02252911,,,sign reversed for time measure; data only taken up to the 28 week assessment,Other / unclassified,1.0,False,False,7,3,False,-0.09335077,False,Gait_speed,time,,10.0,True,False,37.90646382874562
679,187,wade1992,wade,1992,exp,425,immediate physical therapy,http://www.ncbi.nlm.nih.gov/pmc/articles/PMC1881332/,uk,,oxford,,20.0,,,,,72.3,10.4,1593.0,>1year,4.364383562,0,,,,,,,3.85,,,,,,,,,,,,,,,,1.0,10mwt,le,,speed,lohse,0.0,0.0,46,46.9,27.8,,44.0,42.4,26.3,,,42.0,48.7,34.2,0.5,-4.5,27.07742896,1.8,31.01631979,0.166190077,-0.058033964,0.983240223,0.163404768,-0.057061328,0.022039338,0.021775738,0.02130678,0.021051942,,sign reversed for time measure,Conventional / standard,1.0,False,False,7,3,False,0.163404768,False,Gait_speed,time,,10.0,True,True,27.06039541470154
689,190,walker2000,walker,2000,exp,430,balance training with visual feedback + CPT,http://www.ncbi.nlm.nih.gov/pubmed/10960936,canada,ontario,kingston,70.0,70.0,70.0,1.0,39.3,69.3,65.4,13.8,40.9,<90days,0.112054795,0,,,,,,,,,,,,,,,,,,,,,,,,gait speed,le,,speed,USU,,0.0,16,0.32,0.28,0.0,16.0,0.57,0.34,0.0,0.0,16.0,0.63,0.36,0.5,0.25,0.31144823,0.31,0.32249031,0.802701624,0.961269193,0.949152542,0.761886287,0.912391099,0.082635309,0.091376202,0.074445369,0.082319957,,,Conventional / standard,1.0,False,False,7,3,False,0.761886287,False,Gait_speed,native,,10.0,False,False,0.31144823004794875
690,190,walker2000,walker,2000,ctrl,431,conventional PT and OT with additional balance training,http://www.ncbi.nlm.nih.gov/pubmed/10960936,canada,ontario,kingston,65.0,65.0,65.0,1.0,36.7,66.7,62.4,13.3,35.1,<90days,0.096164384,0,,,,,,,,,,,,,,,,,,,,,,,,gait speed,le,,speed,USU,,0.0,16,0.47,0.42,0.0,16.0,0.89,0.65,0.0,0.0,16.0,0.93,0.58,0.5,0.42,0.547220248,0.46,0.506359556,0.767515459,0.908445381,0.949152542,0.728489249,0.862253243,0.080908749,0.088289782,0.072889928,0.07953943,,,Conventional / standard,1.0,False,False,7,3,False,0.728489249,False,Gait_speed,native,,10.0,False,False,0.547220248163388
691,190,walker2000,walker,2000,ctrl,432,conventional PT and OT,http://www.ncbi.nlm.nih.gov/pubmed/10960936,canada,ontario,kingston,52.0,52.0,52.0,1.0,36.6,66.6,65.8,9.9,42.0,<90days,0.115068493,0,,,,,,,,,,,,,,,,,,,,,,,,gait speed,le,,speed,USU,,0.0,14,0.48,0.38,0.0,14.0,0.74,0.53,0.0,0.0,14.0,0.82,0.6,0.5,0.26,0.461139892,0.34,0.502195181,0.56382023,0.677027603,0.941176471,0.530654334,0.63720245,0.082781902,0.087798799,0.073329297,0.077773331,,,Conventional / standard,1.0,False,False,7,3,False,0.530654334,False,Gait_speed,native,,10.0,False,False,0.4611398920067532
699,192,werner1996,werner,1996,exp,437,intensive outpatient therapy,http://www.ncbi.nlm.nih.gov/pubmed/8630191,usa,MI,ann arbor,96.0,96.0,96.0,1.0,84.0,270.0,59.0,10.0,1058.5,>1year,2.9,0,,,,75,,,,,,,,,,,,,,,,10.0,,,5.0,fim,,,,lohse,0.0,0.0,33,75.0,14.0,1.0,33.0,81.6,15.386,0.0,1.0,33.0,82.3,,0.5,6.6,14.0,7.3,14.0,0.471428571,0.521428571,0.976377953,0.460292463,0.509111361,0.033670377,0.034422542,0.032098439,0.032815488,,,FES / e-stim,1.0,False,False,6,2,True,0.460292463,False,FIM_Total,native,,,True,False,14.709333703468692
700,192,werner1996,werner,1996,ctrl,438,no outpatient therapy,http://www.ncbi.nlm.nih.gov/pubmed/8630191,usa,MI,ann arbor,0.0,0.0,0.0,1.0,84.0,270.0,66.0,7.74,1204.5,>1year,3.3,0,,,,70,,,,,,,,,,,,,,,,13.0,,,0.0,fim,,,,lohse,0.0,0.0,16,70.0,19.0,1.0,16.0,71.5,20.881,0.0,1.0,16.0,70.5,,0.5,1.5,19.0,0.5,19.0,0.078947368,0.026315789,0.949152542,0.074933095,0.024977698,0.062694771,0.062521641,0.056481127,0.056325156,,,Other / unclassified,1.0,False,False,6,2,True,0.074933095,False,FIM_Total,native,,,True,False,19.962667168993224
701,193,werner2002,werner,2002,exp,439,robotic gait trainer therapy,http://www.ncbi.nlm.nih.gov/pubmed/12468788,germany,,berlin,3.33,3.33,3.33,3.0,14.0,,60.3,8.6,48.51,<90days,0.13290411,1,,,,,,,1.1,,,,,,,,,2.0,1,,,,,,,fac,le,,,lohse,1.0,0.0,15,1.1,0.6,,15.0,2.1,0.9,,,,,,0.5,1.0,0.764852927,,0.6,1.307440901,,0.945454545,1.236125943,,0.123646724,,0.110525865,,,Data are taken up to the cross-over point,Robot-assisted,1.0,False,False,7,3,False,1.236125943,False,Gait_FAC,native,,,False,False,0.7648529270389177
702,193,werner2002,werner,2002,exp,440,treadmill therapy,http://www.ncbi.nlm.nih.gov/pubmed/12468788,germany,,berlin,3.33,3.33,3.33,3.0,14.0,,59.7,10.2,51.52,<90days,0.141150685,1,,,,,,,1.2,,,,,,,,,2.0,1,,,,,,,fac,le,,,lohse,1.0,0.0,15,1.2,0.59,,14.0,1.6,0.74,,,,,,0.5,0.4,0.666449965,,0.59,0.600195095,,0.945454545,0.567457181,,0.078674472,,0.070325875,,,,Treadmill / BWSTT,1.0,False,False,7,3,False,0.567457181,False,Gait_FAC,native,,,False,False,0.669215959164155
705,194,westlake2009,westlake,2009,ctrl,441,manually assisted BWSTT,http://www.ncbi.nlm.nih.gov/pubmed/19523207,usa,CA,san francisco,6.0,6.0,6.0,3.0,28.0,,55.1,13.6,1104.0,>1year,3.024657534,0,,,,,,,,,,,,,,,,,,,,,,,0.0,gait speed 4.3m SSV,le,,speed,lohse,1.0,0.0,8,0.62,0.28,,8.0,0.65,0.29,,,,,,0.5,0.03,0.285043856,,0.28,0.105246962,,0.888888889,0.093552855,,0.125692308,,0.099312441,,,,Treadmill / BWSTT,1.0,False,False,7,3,False,0.093552855,False,Gait_speed,native,,4.3,False,False,0.2850438562747845
706,194,westlake2009,westlake,2009,exp,442,gait training with lokomat,http://www.ncbi.nlm.nih.gov/pubmed/19523207,usa,CA,san francisco,6.0,6.0,6.0,3.0,28.0,,58.6,16.9,1314.0,>1year,3.6,0,,,,,,,,,,,,,,,,,,,,,,,0.0,gait speed 4.3m SSV,le,,speed,lohse,1.0,0.0,8,0.62,0.31,,8.0,0.72,0.38,,,,,,0.5,0.1,0.346770818,,0.31,0.2883749,,0.888888889,0.256333245,,0.130197505,,0.102872103,,,,Robot-assisted,1.0,False,False,7,3,False,0.256333245,False,Gait_speed,native,,4.3,False,False,0.34677081768799406
734,204,yang2005,yang,2005,ctrl,464,conventional therapy,http://www.ncbi.nlm.nih.gov/pubmed/15859527,taiwan,,taipei,6.0,6.0,6.0,1.0,21.0,,63.42,10.4,219.9,<1year,0.602465753,0,,,,,3.583333333,,,,,,,,,,,,,,,,,,0.0,gait speed 9m SSV,le,,speed,lohse,0.0,0.0,12,25.97,14.86,,12.0,29.62,16.35,,,,,,0.5,3.65,15.62277344,,14.86,0.233633293,,0.930232558,0.217333296,,0.085607688,,0.074079124,,Yes,,Conventional / standard,1.0,False,False,7,3,False,0.217333296,False,Gait_speed,time,,9.0,True,False,15.622773441357973
735,204,yang2005,yang,2005,exp,465,CPT + additional backward walking,http://www.ncbi.nlm.nih.gov/pubmed/15859527,taiwan,,taipei,10.5,10.5,10.5,1.0,21.0,,63.38,10.4,163.5,<1year,0.447945205,0,,,,,3.615384615,,,,,,,,,,,,,,,,,,0.0,gait speed 9m SSV,le,,speed,lohse,0.0,0.0,13,24.83,6.69,,13.0,33.42,5.2,,,,,,0.5,8.59,5.991498143,,6.69,1.433698183,,0.936170213,1.342185533,,0.155980403,,0.136703513,,Yes,,Conventional / standard,1.0,False,False,7,3,False,1.342185533,False,Gait_speed,time,,9.0,True,False,5.991498143202583
736,205,yang2006,yang,2006,ctrl,466,usual care/no rehabilitation (chronic stage),http://www.ncbi.nlm.nih.gov/pubmed/17008338,taiwan,,taipei,0.0,0.0,0.0,1.0,28.0,,60.0,10.4,1920.0,>1year,5.260273973,0,,,,,,,,,,,,,,,,,,,,,,,0.0,gait speed 3.7m SSV,le,,speed,lohse,0.0,0.0,24,77.9,14.3,,24.0,77.7,15.4,,,,,,0.5,-0.2,14.86018169,,14.3,-0.013458786,,0.967032967,-0.013015089,,0.04167044,,0.038968227,,,,Conventional / standard,1.0,False,False,7,3,False,-0.013015089,False,Gait_speed,time,,3.7,False,False,14.860181694716927
737,205,yang2006,yang,2006,exp,467,task oriented progessive resistance training,http://www.ncbi.nlm.nih.gov/pubmed/17008338,taiwan,,taipei,6.0,6.0,6.0,1.0,28.0,,56.8,10.2,1881.0,>1year,5.153424658,0,,,,,,,,,,,,,,,,,,,,,,,0.0,gait speed 3.7m SSV,le,,speed,lohse,0.0,0.0,24,84.0,12.7,,24.0,92.5,13.5,,,,,,0.5,8.5,13.10610545,,12.7,0.648552694,,0.967032967,0.627171836,,0.050429596,,0.047159376,,,,Strength / resistance,1.0,False,False,7,3,False,0.627171836,False,Gait_speed,time,,3.7,False,False,13.106105447462262
742,206,yang2008,yang,2008,ctrl,468,treadmill training,http://www.ncbi.nlm.nih.gov/pubmed/18358724,taiwan,,taipei,3.0,3.0,3.0,1.0,21.0,51.0,60.89,9.25,2226.5,>1year,6.1,0,,,,,,,,,,,,,,,,,,,,,,,0.0,gait speed 12m MAX,le,,speed,lohse,0.0,0.0,12,0.71,0.57,,9.0,0.73,0.63,,,9.0,0.77,0.71,0.5,0.02,0.595999823,0.06,0.63273425,0.033557057,0.09482654,0.930232558,0.031215867,0.088210735,0.083380253,0.083708003,0.072151652,0.072435265,,,Treadmill / BWSTT,1.0,False,False,7,3,False,0.031215867,False,Gait_speed,native,,12.0,False,False,0.6007495318350236
743,206,yang2008,yang,2008,exp,469,virtual reality treadmill training,http://www.ncbi.nlm.nih.gov/pubmed/18358724,taiwan,,taipei,3.0,3.0,3.0,1.0,21.0,51.0,55.45,12.15,2164.45,>1year,5.93,0,,,,,,,,,,,,,,,,,,,,,,,0.0,gait speed 12m MAX,le,,speed,lohse,0.0,0.0,12,0.69,0.3,,11.0,0.85,0.31,,,11.0,0.86,0.33,0.5,0.16,0.304802825,0.17,0.314642654,0.524929519,0.540295467,0.930232558,0.488306529,0.502600435,0.094814625,0.095496633,0.082046187,0.082636351,,,Virtual reality,1.0,False,False,7,3,False,0.488306529,False,Gait_speed,native,,12.0,False,False,0.3050409808533929
750,209,yavuzer2006,yavuzer,2006,ctrl,476,conventional therapy,http://www.ncbi.nlm.nih.gov/pubmed/17065539,turkey,,ankara,,20.0,,1.0,56.0,,62.1,10.4,165.0,<1year,0.452054795,1,,,,85.4,4.2,,,,,,,,,,,,,,,,,,6.0,gait speed,le,,speed,lohse,0.0,0.0,19,0.44,0.2,,19.0,0.45,0.2,,,,,,0.5,0.01,0.2,,0.2,0.05,,0.957746479,0.047887324,,0.052697368,,0.048338153,,Yes,,Conventional / standard,1.0,False,False,7,3,False,0.047887324,False,Gait_speed,native,,10.0,True,True,0.2
751,209,yavuzer2006,yavuzer,2006,exp,477,CPT + balance training,http://www.ncbi.nlm.nih.gov/pubmed/17065539,turkey,,ankara,,20.0,,1.0,56.0,,59.8,10.4,333.0,<1year,0.912328767,1,,,,81.4,4,,,,,,,,,,,,,,,,,,3.0,gait speed,le,,speed,lohse,0.0,0.0,22,0.36,0.2,,22.0,0.44,0.2,,,,,,0.5,0.08,0.2,,0.2,0.4,,0.963855422,0.385542169,,0.049090909,,0.045606303,,Yes,,Conventional / standard,1.0,False,False,7,3,False,0.385542169,False,Gait_speed,native,,10.0,True,True,0.2
762,213,yen2008,yen,2008,ctrl,484,conventional general therapy,http://www.ncbi.nlm.nih.gov/pubmed/17507641,taiwan,,taipei,8.1,8.1,8.1,1.0,28.0,,56.05,12.69,715.4,>1year,1.96,1,,,,,4,,,,,,,,,,,,,,,,,,0.0,gait speed,le,,speed,USU,0.0,0.0,7,0.78,0.43,0.0,7.0,0.87,0.43,,,,,,0.5,0.09,0.43,,0.43,0.209302326,,0.869565217,0.182002022,,0.145986247,,0.110386576,,,,Conventional / standard,1.0,False,False,7,3,False,0.182002022,False,Gait_speed,native,,10.0,False,False,0.43
763,213,yen2008,yen,2008,exp,485,conventional therapy + BWSTT,http://www.ncbi.nlm.nih.gov/pubmed/17507641,taiwan,,taipei,14.1,14.1,14.1,1.0,28.0,,57.3,16.44,719.05,>1year,1.97,1,,,,,4,,,,,,,,,,,,,,,,,,0.0,gait speed,le,,speed,USU,0.0,0.0,7,0.69,0.33,0.0,7.0,0.92,0.33,,,,,,0.5,0.23,0.33,,0.33,0.696969697,,0.869565217,0.606060606,,0.177554768,,0.134256914,,,,Treadmill / BWSTT,1.0,False,False,7,3,False,0.606060606,False,Gait_speed,native,,10.0,False,False,0.33
